
INSERT INTO `Departamentos` (`DID`, `DNombre`) VALUES
	(1, 'Departamento División de Estudios Profesionales'),
	(2, 'Departamento Económico Administrativo'),
	(3, 'Departamento Ingeniería, Química y Bioquímica'),
	(4, 'Departamento de Ciencias de la Tierra'),
	(5, 'Departamento Sistemas y Computo'),
	(6, 'Departamento Ingeniería Eléctrica y Electrónica'),
	(7, 'Departamento Servicios Escolares'),
	(8, 'Departamento Gestión y Vinculación');
INSERT INTO `Carreras` (`CID`, `Nombre`, `DID`) VALUES
	(1, 'Ingeniería en Tecnologías de Informacíon y Comunicaciones', 5),
	(2, 'Ingeniería en Administración', NULL),
	(3, 'Arquitectura', NULL),
	(4, 'Contador Público', NULL),
	(5, 'Licenciatura en Biología', NULL),
	(6, 'Ingenieria en Sistemas Computacionales', 5);

INSERT INTO `Usuarios` (`UID`, `URol`, `Ufirma`) VALUES
	(10, 'Alumno', NULL),
	(11, 'Alumno', NULL),
	(12, 'Profesor', NULL),
	(14, 'JefDeptAca', NULL),
	(15, 'Profesor', NULL),
	(16, 'Profesor', NULL),
	(17, 'Profesor', NULL),
	(18, 'Profesor', NULL),
	(19, 'Profesor', NULL),
	(29, 'Alumno', NULL),
	(30, 'Alumno', NULL),
	(31, 'Alumno', NULL),
	(32, 'Alumno', NULL),
	(33, 'Alumno', NULL),
	(34, 'Alumno', NULL),
	(35, 'AsesorExterno', NULL),
	(36, 'Departamento', NULL),
	(37, 'AsesorExterno', NULL),
	(38, 'Coordinador', NULL),
	(694, 'Profesor', NULL),
	(695, 'Profesor', NULL),
	(696, 'Profesor', NULL),
	(697, 'Profesor', NULL),
	(698, 'Profesor', NULL),
	(699, 'Profesor', NULL),
	(700, 'Profesor', NULL),
	(701, 'Profesor', NULL),
	(702, 'Profesor', NULL),
	(703, 'Profesor', NULL),
	(705, 'Profesor', NULL),
	(777, 'JefeDivisonEstudios', NULL);

	INSERT INTO `Empresas` (`ERFC`, `ENombre`, `ERamo`, `ESector`, `EActPrincipal`, `EDomicilio`, `EColonia`, `ECiudad`, `ECp`, `EFax`, `ETelefono`, `EEstatus`, `ENombreTitular`, `ENombreAcuerdo`, `EPuestoTitular`, `EPuestoAcuerdo`) VALUES
	('RFCTEC', 'Instituto Tecnologico de Chetumal', 'Escolar', 'Publico', 'Escolares', 'Constituyentes', 'Solidaridad', 'Chetumal', 77000, NULL, '9831658459', 'Activo', 'Miguel Aleman', 'Arturo Isaias', 'Director', 'Encargado'),
	('SDFG', 'Comision Federal de Electricidad', 'Servicios', 'Privado', 'Suministrar Electricidad', 'Av Insurgentes 919', 'Payo Obispo', 'Chetumal', 77082, -99, '9831234577', 'Activo', 'Jorge Mendez', 'Carlos Angulo', 'Director', 'Gerente');

	INSERT INTO `AsesorExterno` (`AEID`, `UID`, `ERFC`, `AEPuesto`, `AENombre`, `AECorreo`, `AEContrasena`) VALUES
	(2, 37, NULL, 'JEFE DE SISTEMAS', 'Juan Sebastian Perez Dominguez', 'as1@chetumal.tecnm.mx', 'contraseña1');

	INSERT INTO `AsesorInterno` (`AIID`, `UID`) VALUES
	(5, 12),
	(1, 14),
	(2, 15),
	(3, 16),
	(4, 17),
	(7, 18),
	(6, 19),
	(10, 694),
	(11, 695),
	(8, 697),
	(12, 698),
	(13, 699),
	(14, 700),
	(15, 701),
	(16, 702),
	(17, 703),
	(18, 777);

	INSERT INTO `Alumnos` (`NumeroControl`, `NombreCompleto`, `NumeroSeguroSocial`, `SemestreActual`, `Domicilio`, `Email`, `Ciudad`, `Telefono`, `CreditosComplementariosCumplidos`, `NoTenerCursosEspeciales`, `OchentaPorcientoCargaAcademica`, `AcreditacionServicioSocial`, `CorreoInstitucional`, `ContrasenaCorreo`, `DID`, `CID`, `InstitucionSeguro`) VALUES
	('20390001', 'Juan Perez Rodriguez', '12345678901', 8, 'Calle 1 #123, Col. Centro', 'juan.perez@example.com', 'Chetumal', '9981234561', 5, 0, 1, 1, 'L20000001@chetumal.tecnm.mx', 'mi_contrasena', 5, 1, 'IMSS'),
	('20390002', 'Maria Gomez Hernandez', '23456789012', 9, 'Calle 2 #456, Col. Hidalgo', 'maria.gomez@example.com', 'Chetumal', '9982345678', 5, 0, 1, 1, 'L20000002@chetumal.tecnm.mx', 'mi_contrasena', 5, 1, NULL),
	('20390003', 'Pedro Lopez Gomez', '34567890123', 7, 'Calle 3 #789, Col. Benito Juarez', 'pedro.lopez@example.com', 'Chetumal', '9983456789', 5, 1, 1, 0, 'L20000003@chetumal.tecnm.mx', 'mi_contrasena', 5, 1, NULL),
	('20390004', 'Ana Hernandez Perez', '45678901234', 10, 'Calle 4 #1011, Col. Solidaridad', 'ana.hernandez@example.com', 'Chetumal', '9984567890', 5, 0, 1, 1, 'L20000004@chetumal.tecnm.mx', 'mi_contrasena', 5, 1, NULL),
	('20390006', 'Laura Perez Sanchez', '67890123456', 8, 'Calle 6 #1415, Col. Lazaro Cardenas', 'laura.perez@example.com', 'Chetumal', '9986789012', 5, 0, 1, 1, 'L20000006@chetumal.tecnm.mx', 'mi_contrasena', 5, 1, NULL),
	('20390007', 'Daniel Torres Gomez', '78901234567', 11, 'Calle 7 #1617, Col. Francisco I. Madero', 'daniel.torres@example.com', 'Chetumal', '9987890123', 0, 0, 1, 1, 'L20000007@chetumal.tecnm.mx', 'mi_contrasena', 5, 1, NULL),
	('20390693', 'Cesar Antonio Xiu de la Cruz', '12345678910', 6, 'Calle Santa Cruz L18 M772', 'cesarxiu504@gmail.com', 'Chetumal', '9831054419', 5, 0, 1, 1, 'L20390693@chetumal.tecnm.mx', 'mi_contra', 5, 6, NULL),
	('20391004', 'María García López', '10987654321', 7, 'Av. Reforma, Col. San Juan', 'mariagarcia@example.com', 'Bacalar', '9987654321', 5, 0, 1, 1, 'L20234568@chetumal.tecnm.mx', 'micontrasena', 5, 1, NULL);

	INSERT INTO `Alumno_Usuarios` (`IDAU`, `UID`, `NumeroControl`) VALUES
	(1, 10, '20390003'),
	(2, 11, '20390004'),
	(4, 31, '20390693'),
	(5, 29, '20390001'),
	(6, 30, '20390002'),
	(8, 32, '20390006'),
	(9, 33, '20390007'),
	(10, 34, '20391004');

	INSERT INTO `Profesor` (`RFCProfesor`, `NombreCompleto`, `CorreoInstitucional`, `ContrasenaCorreo`, `DID`) VALUES
	('ABC123', 'Juan Carlos Pérez Hernández', 'juan.perez@institucion.edu.mx', 'contraseña1', 5),
	('BCD890', 'Fernando Eduardo Pérez Torres', 'fernando.perez@institucion.edu.mx', 'contraseña10', 5),
	('DEF456', 'María Fernanda García Torres', 'maria.garcia@institucion.edu.mx', 'contraseña2', 5),
	('EFG123', 'Isabel Cristina García Hernández', 'isabel.garcia@institucion.edu.mx', 'contraseña11', 5),
	('F345348189231', 'Blandy Berenice Pamplona Solis', 'BlandyPS@chetumal.tecnm.mx', 'awdawd2312', 5),
	('GHI789', 'Pedro José Hernández Torres', 'pedro.hernandez@institucion.edu.mx', 'contrasena3', 5),
	('HIJ456', 'Omar Alejandro Hernández Torres', 'omar.hernandez@institucion.edu.mx', 'contraseña12', 5),
	('JDDDEP', 'Cecilia Loría Tzab ', 'cecilia.loria@institucion.edu.mx', 'contrasena_cecilia', 5),
	('JKL012', 'Ana Laura López Fernández', 'ana.lopez@institucion.edu.mx', 'contraseña4', 5),
	('KLM789', 'Sofía Paola Pérez Rodríguez', 'sofia.perez@institucion.edu.mx', 'contraseña13', 5),
	('MNO345', 'Miguel Ángel Rodríguez Sánchez', 'miguel.rodriguez@institucion.edu.mx', 'contraseña5', 5),
	('NOP012', 'Ricardo Antonio Torres Sánchez', 'ricardo.torres@institucion.edu.mx', 'contraseña14', 5),
	('PQR678', 'Laura Gabriela Martínez Hernández', 'laura.martinez@institucion.edu.mx', 'contraseña6', 5),
	('QRS345', 'Marisol Alejandra Flores Pérez', 'marisol.flores@institucion.edu.mx', 'contraseña15', 5),
	('STU901', 'Carlos Eduardo Sánchez Torres', 'carlos.sanchez@institucion.edu.mx', 'contraseña7', 5),
	('VWX234', 'Luisa María Torres González', 'luisa.torres@institucion.edu.mx', 'contraseña8', 5),
	('XAX123', 'Juan Roberto Martinez Lugo', 'juan.ml@tecnm.mx', 'contraseña17', 5),
	('YZA567', 'Jorge Arturo Flores Pérez', 'jorge.flores@institucion.edu.mx', 'contraseña9', 5),
	('ZZZZZ', 'Zeta Zete Zeta', 'zeta.zeta@outlook.com', 'contraXD', 5);

	INSERT INTO `Profesor_Usuarios` (`IDPU`, `UID`, `RFCProfesor`) VALUES
	(1, 14, 'ABC123'),
	(2, 15, 'DEF456'),
	(3, 16, 'GHI789'),
	(4, 17, 'JKL012'),
	(5, 12, 'QRS345'),
	(6, 18, 'VWX234'),
	(7, 19, 'EFG123'),
	(101, 694, 'F345348189231'),
	(102, 695, 'BCD890'),
	(104, 697, 'HIJ456'),
	(105, 698, 'KLM789'),
	(106, 699, 'MNO345'),
	(107, 38, 'NOP012'),
	(108, 701, 'PQR678'),
	(219, 702, 'STU901'),
	(220, 703, 'XAX123'),
	(223, 705, 'YZA567'),
	(224, 777, 'JDDDEP'),
	(225, 30, 'ZZZZZ');

	INSERT INTO `UsuariosDepartamentos` (`UDID`, `UID`, `DID`) VALUES
	(1, 14, 5),
	(2, 12, 5),
	(3, 15, 5),
	(4, 16, 5),
	(6, 17, 5),
	(7, 18, 5),
	(8, 19, 5),
	(9, 694, 5),
	(10, 695, 5),
	(11, 696, 5),
	(12, 697, 5),
	(13, 698, 5),
	(14, 699, 5),
	(15, 700, 5),
	(16, 701, 5),
	(17, 702, 5),
	(18, 703, 5),
	(19, 705, 5),
	(20, 38, 5),
	(21, 30, 5),
	(22, 29, 5),
	(23, 11, 5),
	(24, 10, 5),
	(25, 31, 5),
	(26, 32, 5),
	(27, 33, 5),
	(28, 34, 5),
	(29, 35, 5),
	(30, 36, 5),
	(31, 37, 5),
	(32, 777, 5);

	INSERT INTO `FechasVencimiento` (`FVTramite`, `FVFechaLimite`, `FVDescripcionTramite`) VALUES
	('AsesoresEvaluacionReporteFinal', '2023-08-10', 'Evaluacion de reporte final'),
	('AsesoresEvaluacionSeguimiento', '2023-08-05', 'Evaluacion de seguimiento'),
	('ProponerProyecto', '2023-08-20', 'Espacio para proponer proyectos'),
	('SolicitarResidencia', '2023-08-14', 'Solicitar Residencia');


INSERT INTO `solicitudproyecto` (`SPID`, `SPNombreProyecto`, `SPObjetivo`, `SPDescripcion`, `SPImpacto`, `SPLugar`, `SPEstudiantesRequeridos`, `SDTiempoEstimado`, `SPTipo`, `SPLineaInvestigacion`, `SPReferencias`, `UIDResponsable`, `SPEstatus`, `ERFC`, `UPropietario`) VALUES
	(1, 'Estructuracion de Redes ', 'El objetivo principal de este proyecto es diseñar y estructurar una red de comunicaciones eficiente y segura para una organización o empresa. La estructuración de redes implica planificar, implementar y administrar la infraestructura de red necesaria para satisfacer las necesidades de comunicación de la organización.', 'La estructuración de redes es un proyecto que tiene como objetivo diseñar y organizar una red de comunicaciones eficiente y segura para una organización o empresa. Implica planificar, implementar y administrar la infraestructura de red necesaria para satisfacer las necesidades de comunicación de la organización. Algunos objetivos clave incluyen diseñar una arquitectura de red escalable y robusta, mejorar la seguridad de la red, optimizar el rendimiento de la red, facilitar la colaboración y comunicación interna, establecer una infraestructura de red escalable, y documentar y mantener la red. Estos objetivos se adaptan según las necesidades y requisitos específicos de la organización.', 'El proyecto de estructuración de redes tiene un impacto significativo en una organización, ya que permite mejorar la eficiencia operativa, garantizar la seguridad de la información, lograr una mayor escalabilidad, facilitar la comunicación y colaboración interna, proporcionar una mejor experiencia del usuario y reducir los costos a largo plazo. ', 'Chetumal', 6, 6, 'EXTERNO', 'Seguridad informática', 'Tanenbaum, A. S., & Wetherall, D. J. (2011). Redes de computadoras. Pearson Educación.\r\nPeterson, L. L., & Davie, B. S. (2011). Redes de comunicaciones. McGraw-Hill.\r\n', 694, 'ACEPTADO', 'RFCTEC', NULL),
	(2, 'Desarrollo de un sistema de monitoreo inteligente para la conservación de la biodiversidad en áreas protegidas.', 'El objetivo principal de este proyecto es diseñar e implementar un sistema de monitoreo basado en inteligencia artificial y análisis de datos para mejorar la conservación de la biodiversidad en áreas protegidas. El sistema permitirá recolectar y analizar información en tiempo real sobre la flora y fauna, identificar patrones de comportamiento y detectar posibles amenazas para la biodiversidad.', 'El proyecto implicará el despliegue de sensores y cámaras de monitoreo en áreas clave de diferentes ecosistemas protegidos. Estos dispositivos recopilarán datos sobre la presencia y el comportamiento de especies, así como información ambiental como temperatura, humedad y calidad del aire. Los datos serán procesados por algoritmos de inteligencia artificial y técnicas de análisis de datos para identificar patrones, detectar cambios anormales y proporcionar alertas en tiempo real a los responsables de la conservación. Además, se desarrollará una interfaz de usuario intuitiva que permitirá a los investigadores y conservacionistas acceder y visualizar los datos recopilados, facilitando la toma de decisiones informadas.', 'El sistema de monitoreo inteligente contribuirá significativamente a la conservación de la biodiversidad en áreas protegidas. Al proporcionar información en tiempo real sobre la presencia y el comportamiento de especies, así como detectar amenazas como la caza furtiva o la deforestación, se podrán tomar medidas oportunas para proteger y preservar la biodiversidad. ', 'Chetumal', 8, 6, 'EXTERNO', 'Inteligencia Artificial aplicada a la conservación de la biodiversidad', 'Ahumada, J. A., et al. (2011). Community structure and diversity of tropical forest mammals\r\nSwanson, A., et al. (2016). Sensor-based monitoring of the environment: A review of the state of the art and future prospects. Sensors, 16(3), 364.', 694, 'ACEPTADO', 'RFCTEC', NULL),
	(3, 'Desarrollo de una plataforma de aprendizaje en línea para estudiantes de áreas rurales.', ' Brindar acceso a la educación de calidad a estudiantes de áreas rurales a través de una plataforma en línea interactiva y adaptada a sus necesidades.', 'El proyecto tiene como objetivo desarrollar una plataforma de aprendizaje en línea que proporcione a estudiantes de áreas rurales la oportunidad de acceder a recursos educativos, cursos y tutorías en línea. La plataforma estará diseñada para ser intuitiva y adaptable a las condiciones tecnológicas y de conectividad limitadas en estas áreas. Se ofrecerán cursos en diversas áreas de conocimiento, y se fomentará la interacción entre estudiantes y tutores a través de foros y sesiones en vivo.', 'El proyecto tiene como objetivo desarrollar una plataforma de aprendizaje en línea que proporcione a estudiantes de áreas rurales la oportunidad de acceder a recursos educativos, cursos y tutorías en línea. La plataforma estará diseñada para ser intuitiva y adaptable a las condiciones tecnológicas y de conectividad limitadas en estas áreas. Se ofrecerán cursos en diversas áreas de conocimiento, y se fomentará la interacción entre estudiantes y tutores a través de foros y sesiones en vivo.', 'Chetumal', 10, 6, 'EXTERNO', 'Educación a distancia y tecnologías educativas', 'UNESCO. (2019). IITE Policy Brief: ICTs for Rural Education. Moscow: UNESCO Institute for Information Technologies in Education.', 694, 'REVISION', 'RFCTEC', NULL),
	(4, 'Sistema de inteligencia artificial para la detección temprana de enfermedades en cultivos agrícolas', 'Desarrollar un sistema basado en inteligencia artificial que pueda identificar y diagnosticar tempranamente enfermedades en los cultivos agrícolas. ', 'Recopilación de datos de imágenes de cultivos agrícolas afectados por enfermedades, así como de cultivos sanos como referencia. Estas imágenes serán procesadas y analizadas utilizando algoritmos de inteligencia artificial entrenados previamente con datos etiquetados.', 'El sistema de detección temprana de enfermedades en cultivos agrícolas tendrá un impacto significativo en la agricultura al permitir una respuesta rápida y precisa ante la presencia de enfermedades. ', 'Chetumal', 8, 6, 'EXTERNO', 'Aplicaciones de inteligencia artificial en la agricultura y la salud de los cultivos', 'García, E., & Martínez, R. (2017). Metodología de la investigación. Pearson Educación.\r\nHernández, R., Fernández, C., & Baptista, P. (2014). Metodología de la investigación. ', 699, 'ACEPTADO', 'RFCTEC', NULL),
	(5, 'Desarrollo de un sistema de energía renovable para comunidades rurales aisladas.', 'Implementar un sistema de energía renovable sostenible en comunidades rurales aisladas que carecen de acceso confiable a la electricidad.', 'El proyecto implica la instalación de paneles solares y turbinas eólicas en las comunidades rurales seleccionadas, que capturan la energía del sol y del viento respectivamente.', 'La implementación de este sistema de energía renovable tendrá un impacto significativo en las comunidades rurales aisladas. Proporcionará acceso confiable a la electricidad, mejorando la calidad de vida de los residentes al permitirles iluminación en el hogar, carga de dispositivos electrónicos y acceso a servicios básicos como la refrigeración de alimentos y la atención médica.', 'Felipe Carrillo Puerto', 12, 6, 'EXTERNO', 'Energías renovables y desarrollo sostenible', 'Agencia Internacional de Energías Renovables (IRENA). (2018). Energías Renovables en el Sector Rural: Clave para el Desarrollo Sostenible. Abu Dhabi: IRENA.', 699, 'ACEPTADO', 'SDFG', NULL),
	(6, 'Desarrollo de un sistema de detección temprana de incendios forestales utilizando tecnología de drones.', 'El objetivo principal de este proyecto es desarrollar un sistema de detección temprana de incendios forestales utilizando drones equipados con cámaras y sensores de alta tecnología.', 'El proyecto implicará el diseño y la construcción de drones especializados capaces de volar sobre áreas forestales y recopilar información en tiempo real. ', 'El sistema de detección temprana de incendios forestales tendrá un impacto significativo en la protección y conservación del medio ambiente. Al detectar los incendios en etapas iniciales, se podrán implementar medidas de control y extinción rápidamente, evitando la propagación descontrolada del fuego y reduciendo los daños a los ecosistemas forestales.', 'Chetumal', 10, 6, 'EXTERNO', 'Tecnología aplicada a la gestión de desastres naturales', 'Cáceres, M., & González, E. (2018). Drones en la gestión y conservación de áreas naturales protegidas. Revista de Ciencias Ambientales, 32(1), 39-50.\r\nJiménez, R., & Rodríguez, A. (2017). Drones en la detección de incendios forestales. Ciencia y Tecnología para la Salud Visual y Ocular, 15(1), 49-56.', 699, 'ACEPTADO', 'RFCTEC', NULL),
	(7, 'Desarrollo de un sistema de monitoreo inteligente para la gestión eficiente del agua en áreas urbanas.', 'El objetivo principal de este proyecto es implementar un sistema de monitoreo inteligente que permita la supervisión y control eficiente del uso del agua en áreas urbanas. ', 'El proyecto implica la instalación de sensores en puntos estratégicos de la red de suministro de agua, que monitorean en tiempo real los flujos, presiones y calidad del agua.', 'La implementación de este sistema de monitoreo inteligente tendrá un impacto significativo en la gestión del agua en áreas urbanas.', 'Chetumal', 12, 6, 'EXTERNO', 'Tecnologías para la gestión sostenible del agua', 'Organización Mundial de la Salud (OMS). (2017). Agua segura, saneamiento e higiene en el hogar. Ginebra: OMS.\r\nNaciones Unidas. (2018). Informe Mundial sobre el Desarrollo de los Recursos Hídricos: Soluciones basadas en la naturaleza para el agua.', 699, 'ACEPTADO', 'RFCTEC', 11),
	(8, 'Desarrollo de una plataforma educativa en línea para la enseñanza de habilidades tecnológicas a jóvenes en comunidades rurales.', ' El objetivo principal de este proyecto es proporcionar acceso a la educación en habilidades tecnológicas a jóvenes en comunidades rurales, a través de una plataforma educativa en línea.', 'El proyecto implica el diseño y desarrollo de una plataforma educativa en línea que brinde cursos interactivos sobre programación, diseño web, desarrollo de aplicaciones móviles y otras habilidades tecnológicas relevantes.', 'La implementación de esta plataforma educativa en línea tendrá un impacto significativo en el desarrollo de habilidades tecnológicas y el acceso a oportunidades laborales en comunidades rurales. ', 'Chetumal', 10, 6, 'EXTERNO', 'Educación inclusiva y tecnología', 'Programa de las Naciones Unidas para el Desarrollo (PNUD). (2018). Informe sobre Desarrollo Humano 2018', 14, 'REVISION', 'RFCTEC', 32),
	(9, 'Implementación de un sistema de energía solar en escuelas rurales para promover la educación sostenible.', ' El objetivo principal de este proyecto es instalar sistemas de energía solar en escuelas rurales para proporcionar electricidad limpia y sostenible, promoviendo la continuidad de la educación y concienciando sobre el uso de energías renovables.', 'El proyecto implica la instalación de paneles solares en las escuelas rurales, que generarán energía eléctrica a partir de la radiación solar. Esta energía se utilizará para abastecer las necesidades eléctricas de las escuelas, incluyendo iluminación, carga de dispositivos electrónicos y funcionamiento de equipos. ', 'La implementación de sistemas de energía solar en escuelas rurales tendrá un impacto significativo en varias áreas. ', 'Chetumal', 6, 6, 'INTERNO', 'Energías renovables y educación', 'Ministerio para la Transición Ecológica y el Reto Demográfico (MITECO). (2020). Plan Nacional Integrado de Energía y Clima 2021-2030. Madrid: MITECO.\r\n', 698, 'REVISION', 'RFCTEC', 34);

INSERT INTO `carrerassolicitudproyecto` (`CSP`, `CID`, `SPID`) VALUES
	(1, 1, 1),
	(2, 6, 1),
	(3, 1, 2),
	(4, 5, 2),
	(5, 6, 2),
	(6, 1, 3),
	(7, 6, 3),
	(8, 1, 4),
	(9, 6, 4),
	(10, 1, 5),
	(11, 6, 5),
	(12, 1, 6),
	(13, 6, 6),
	(14, 1, 7),
	(15, 6, 7),
	(16, 1, 8),
	(17, 6, 8),
	(18, 1, 9),
	(19, 2, 9),
	(20, 6, 9);

INSERT INTO `comisionproyectoprofesor` (`CPPID`, `UProfesor`, `SPID`, `CPPFechaElaboracion`, `CPPFechaLimite`, `CPPEstatus`, `CPPObservaciones`) VALUES
	(1, 699, 1, '2023-06-12', NULL, 'PENDIENTE', NULL),
	(2, 699, 2, '2023-06-12', NULL, 'PENDIENTE', NULL),
	(3, 699, 3, '2023-06-12', NULL, 'PENDIENTE', NULL),
	(4, 694, 4, '2023-06-12', NULL, 'PENDIENTE', NULL),
	(5, 694, 5, '2023-06-12', NULL, 'PENDIENTE', NULL),
	(6, 694, 6, '2023-06-12', NULL, 'PENDIENTE', NULL),
	(7, 694, 7, '2023-06-12', NULL, 'PENDIENTE', NULL),
	(8, 699, 8, '2023-06-12', NULL, 'PENDIENTE', NULL),
	(9, 699, 9, '2023-06-12', NULL, 'PENDIENTE', NULL);

INSERT INTO `bancoproyectos` (`BPID`, `AIID`, `AEID`, `SPID`, `BPEstado`, `BPPeriodo`) VALUES
	(1, NULL, NULL, 1, 'DISPONIBLE', 'ENE-JUN 2023'),
	(2, NULL, NULL, 2, 'DISPONIBLE', 'ENE-JUN 2023'),
	(3, NULL, NULL, 4, 'DISPONIBLE', 'ENE-JUN 2023'),
	(4, NULL, NULL, 5, 'DISPONIBLE', 'ENE-JUN 2023'),
	(5, 13, 2, 6, 'DISPONIBLE', 'ENE-JUN 2023'),
	(6, NULL, NULL, 7, 'DISPONIBLE', 'ENE-JUN 2023');

INSERT INTO `comisionesasesores` (`CAID`, `UProfesor`, `BPID`, `CAEstatus`, `CAPeriodo`, `Motivo`, `NoOficio`) VALUES
	(1, 699, 5, 'PENDIENTE', 'ENE-JUN 2023', '', NULL);

INSERT INTO `solicitudresidencia` (`SRID`, `SRAnteProyecto`, `SRConstanciaInicioRes`, `SREstatus`, `SRPeriodo`, `UAlumno`, `BPID`, `SROpcionElegida`) VALUES
	(1, _binary 0x255044462d312e370d0a25b5b5b5b50d0a312030206f626a0d0a3c3c2f547970652f436174616c6f672f50616765732032203020522f4c616e672865732d4d5829202f53747275637454726565526f6f74203130203020522f4d61726b496e666f3c3c2f4d61726b656420747275653e3e2f4d65746164617461203230203020522f566965776572507265666572656e636573203231203020523e3e0d0a656e646f626a0d0a322030206f626a0d0a3c3c2f547970652f50616765732f436f756e7420312f4b6964735b2033203020525d203e3e0d0a656e646f626a0d0a332030206f626a0d0a3c3c2f547970652f506167652f506172656e742032203020522f5265736f75726365733c3c2f466f6e743c3c2f46312035203020523e3e2f4578744753746174653c3c2f4753372037203020522f4753382038203020523e3e2f50726f635365745b2f5044462f546578742f496d616765422f496d616765432f496d616765495d203e3e2f4d65646961426f785b2030203020363132203739325d202f436f6e74656e74732034203020522f47726f75703c3c2f547970652f47726f75702f532f5472616e73706172656e63792f43532f4465766963655247423e3e2f546162732f532f537472756374506172656e747320303e3e0d0a656e646f626a0d0a342030206f626a0d0a3c3c2f46696c7465722f466c6174654465636f64652f4c656e677468203133323e3e0d0a73747265616d0d0a789c2d8cb10ac2401044fb85fd8729d5e26e37a8974048914b0c0a01c5030b4919532968fe1fb28a530ccccc63e0cf284bdfc76303a92ad44dc49b499c7c556806c1de3c14193e23d36d8317539d98fc41a1ea648bf46052e3048a7ce7d4aaa0e2822d4fe3ba6bc034db27a65fcaffa963baafb01e904e4cad3d5e98d0f6110b774c1ca70d0a656e6473747265616d0d0a656e646f626a0d0a352030206f626a0d0a3c3c2f547970652f466f6e742f537562747970652f54727565547970652f4e616d652f46312f42617365466f6e742f4243444545452b43616c696272692f456e636f64696e672f57696e416e7369456e636f64696e672f466f6e7444657363726970746f722036203020522f4669727374436861722033322f4c617374436861722033322f576964746873203138203020523e3e0d0a656e646f626a0d0a362030206f626a0d0a3c3c2f547970652f466f6e7444657363726970746f722f466f6e744e616d652f4243444545452b43616c696272692f466c6167732033322f4974616c6963416e676c6520302f417363656e74203735302f44657363656e74202d3235302f436170486569676874203735302f4176675769647468203532312f4d6178576964746820313734332f466f6e74576569676874203430302f58486569676874203235302f5374656d562035322f466f6e7442426f785b202d353033202d3235302031323430203735305d202f466f6e7446696c6532203139203020523e3e0d0a656e646f626a0d0a372030206f626a0d0a3c3c2f547970652f4578744753746174652f424d2f4e6f726d616c2f636120313e3e0d0a656e646f626a0d0a382030206f626a0d0a3c3c2f547970652f4578744753746174652f424d2f4e6f726d616c2f434120313e3e0d0a656e646f626a0d0a392030206f626a0d0a3c3c2f417574686f7228feff004a004f00520047004500200042005200490043004500d1004f002000530049004500520052004129202f43726561746f7228feff004d006900630072006f0073006f0066007400ae00200057006f007200640020003200300031003929202f4372656174696f6e4461746528443a32303233303532393131343130342d30352730302729202f4d6f644461746528443a32303233303532393131343130342d30352730302729202f50726f647563657228feff004d006900630072006f0073006f0066007400ae00200057006f007200640020003200300031003929203e3e0d0a656e646f626a0d0a31372030206f626a0d0a3c3c2f547970652f4f626a53746d2f4e20372f46697273742034362f46696c7465722f466c6174654465636f64652f4c656e677468203239363e3e0d0a73747265616d0d0a789c6d51d16ac230147d17fc87fb07b7b1ad6320c298ca86584a2beca1f810eb5d0db689a429e8df2f77edb0035fc23937e79c9c242286004404b100e1411083f0e8750e6206513803114214fbe11ca29700160b4c591d408639a6b8bf5f097367bbd2ad6b6a705b4070004c2b0859b35c4e27bd25182c2b53760d69f7cc29b84a7680c13552ec2d51668cc3ccd4b49357eec879a9b43e8b77b92e4f3826ea6346bb09dddc96ee2086e88dcfd2c61126bcacf5e941f65e7a3437cca974f841f244b6c7ecf9c39fba569af2b3e4863c78d33e413a65f4c0ad53dfd2835ff665ece568cce5717b9eb46722c7251dee6469cd88bf9ffd3ae22b256b538d0679ad4e34d2f6e778596565831b55759686bb265dd316fcc7f37faf9bc886daa2a78fa79f4e7e00540aa2bb0d0a656e6473747265616d0d0a656e646f626a0d0a31382030206f626a0d0a5b203232365d200d0a656e646f626a0d0a31392030206f626a0d0a3c3c2f46696c7465722f466c6174654465636f64652f4c656e6774682031393338392f4c656e677468312038313734303e3e0d0a73747265616d0d0a789cec7d077c5455dafe39f74ecbcc2433936492492661669824048614208104900ca4d03b83093521858001028422024651d028f65ed1b5ad5826036ac0ee62590bf6be16765d5757b1edea2a02f99e73df3910d8d5ffb7d5f5fbcf9b3cf33ce73de59efade931fc90fc61963767ce8586de5a88a1905fd6cb733ee99c0187fa272d484f2ab9aabe219cfcc604c299c3cbd60e0b58fd6dd83bcb350abb67e495deb45ef5e84b2275d82fc0fea57b77977b5be51ccd8b60b18d33fd0d4ba70c9c677d5218c2d5dcb587c6061cbc94daf56ee2862ec16d4b17dd0dc58d7f0edc493c368cf8af60637c3117f67c67ea42b90ce6a5ed2b676c438e301a43f626cd11d2dcbeaebf21afadeccd8bd85283e7349dddad67c73f69bc86f4679ef92c6b6baab4edfb69a715f32d2672cad5bd278dd81afe733f629fa5bb8b275d9cab66e37dbcc78c64151be7545636bd2c2de698c9d72131ef70913736118ba6ff6e2351fcfb70dff9aa59998b0fb3f59fface0d7c7ae99fcfd8143ed719f9a062319c71446867a067698f13de66ddf1f38b02dee53ada51e967687f0b8fbb1766667c3a1157001dbc258e260edb99ca9ba00bf80e999497fa57e109aec45acbec0362bccc4149b5e51149daae83e60f9dd8fb0ac53b41ec0264ef77a5990b1ec67a90fc6eb941c2fe3dd224fbd4f9f2046ca927509477bc39f67ffdf9be17576c74fdd87ff2ba66b6437fcd47df87bcc60f8f7f457ddfff39a877f87e98a58ed4fdd8798fdf3a63ccdaefca9fbf07330e5f76ccc3f528f7fc35afed57d8959cc6216b398fde3a65ccdcd3f9857cbf6ff27fbf27331b5989df353f72166318b59cc62f68f9bee51d6f41f7fe61276de7ffa99318b59cc6216b398c52c66318b59cc6216b3ffbb16fb393366318b59cc6216b398c52c66318b59cc6216b398c5ecbfdb78ecb7d16316b398c52c66318b59cc6216b398c52c66318b59cc6216b398c52c66318b59cc6216b398c52c66318b59cc6216b398c52c66318b59cc6216b398c52c66318b59ccfe4bac7bf74fdd8398c5ec2736358a8ce8ff24d5811494b29ae9d852a453981d1e03543cebcd26b206b6826dcb2cf5c6653fdbadfdcf4ff07bffcacfbbbfc6f9fa0bbb97a777d77fb2657f9ff74e88b69ff8d73d50c7a9973303ff544b7d79fcff68a5fd1f56f4ff5f29ecc78df768efdf61157f4f619efe2379e7feb35df90f9bfa2f6ded3fbab382b3369fd9b672c5f2d6654b97b49cb47851f3c2a6c68605f3e7cd9d337b564d7568c6f46953a74c9e3471c2f87163c78caeaaac281f35325836e284e1c38696960c195c5c909fd73f37273bcbdfdbe34a76d86df116739cc968d0eb5485b3fe95feaa5a6f38a736accbf18f199327d2fe3a38ea7a386ac35eb8aa8e2d13f6d66ac5bcc7960ca264d3712583543278a424b77b87b3e179fdbd957e6ff8b90abfb78bcf9a5a0dbdb5c25fe30defd7f4444deb72b4443c123e1f6a782b5dcd15de30aff55686ab56377754d656a0bd4e8bb9dc5fde68ceebcf3acd16480b5438d7dfdac97347704d28b995433b15668a178f0dabd995750de12953ab2b2bdc3e5f8de663e55a5b614379d8a8b5e55d24facccef176f67fa4e3dc2e3b5b501bb036f81beae65487d53a54ea502b3b3ab6841d81705f7f45b8efba0f5c187263b8bfbfa2321cf0a3b1f1d38e3c8087f5d976bfb7e36b86cefbf77f7aaca72eea3164dbbf66428a211e9926e44bcdd037f410e3f3f9445fcee90ab2054884dba75653dacb16b8232c5810a8092bb522e71199e30c899c769973a47aaddf2796aab236fabdbad9156e5fe0cdeb8fd9d7beb3f18d7c6f58cda95d50df2cb8aeb1c35f5141f336a33a1cac8008d645c75ad9595880f275b518c422310d53abc305fed670b27f141580c32bd660d1f46aad4ab45a38b93ccc6aeba3b5c2059515a25fdeca8eda0aeaa068cb3fb57a171bd4fd7e6791d7bd63102b6235a21fe194722c4a4e6547754353d853eb6ec0fe6cf256bb7de1600da6afc65fdd582356c96f0ff77d1f8ff3694fd46a616cc7959685c5c88dd9266fb5e2566bc46ac1e1adc2877fd47064d8b15c5a52ace8a8e1de6aee66b2189e122d21d431ed20a166978f1159aaa85a3ec6edabf191fd4897dcd13ee9b3c3a61e6dd9e138d2277ace0f768d4a8b0ef5f5563656f4e8e0318deaa31d8cb6f6b7fba988b9883e18354c6239c7c82c351b27173e05cd682eb18a2e6f984df156fb1bfd357eeca1e0946a313631d7dafa8e9fee1f3f7556b5b6dad15d32e39814e597502acc7cc89609a51c7bb02ae096cbaaa5476be923c931c7658f95d97ed1af8e8e864ea6668badeceee49ad0979f53139e1ca8f1871704fc3ed1cfbcfe9d2666f5cda82dc759ad42b8f357d5f9bd766f55475d5777fb828ece60b0a3b5b2b67928ce45877f6c43877f7af570b7d6f969d51bdcebc4b313d9783e7ec62834a5b0519d7e7ed6d4ce203f6bfaacea5d76c6bc67cda88e285c29af1d55d39985bcea5d5ec6829a57115ee11409af488896a62161d2cabb7705196bd772759a434bd77771a6f94cd2c7597d97423e3b3d28477b5010b793fa2e1de50465691d7c26f2b553e9dc68691372ec22673753c47d4b6492753231c141b33e680ac605ad4abc822915ae083cbb51368eb31d561ecfdd9d68739ae6eee2ed9d7141f72eada569d192ed28297ced477ce8b928d6a3213c8f061e3a3a82d0acea1d5686f6b54f9418250cbbd0d58c3d84f749a5b741ecbff535cd1db535227ab014ec557cf330f78f6061c53f023d3658c3667fe3a8b0c53f4af8cb84bf8cfc06e13762e7f3148ec51641b7a3d68f408c1353cddc9cce9a2a9af4767577cfa8f63de7de5fe3c3599a03ccaa0ec705f072d3678f43b9d102b5708f0eb7d7d7897eb050b5a86bcc1e5b5f8373291b4491b1e138b410176d0125aab43ae2bca1523df65a9d5f93702374b4d7846b02e2a1d58b6ab4f36a0fb331fea161430eb5a9cf110f2aa8e948f40fd4820fceba397b8ba038f48d4daf268f1b493cac8626c96845cfebfdc8aaaff5d21e998eb34c2f0bb39b3c8d88f9ba9c460d667734938961a9d9967873382e1f0de25b684bbe8839fa6c634d0d755e4b6d8916c0b3ed610b7a94d3632aa315303bc81a2bfa82ef2de8aa28faa868666a179be65f8bd0293aadb5644476383e7b6c1dde6e54df028fbf44563689206889b6b187bc4631722be61d21a1abfb56ffc9be1e86d821de7e62ff31f72e1c5456d371bc233c3b90d7df74bc375e73777498e2ff76059a2f53fc11d69c4a76bd782b80c586d3f69bb752bc2afde33a9549018db9c61de3fc788328d902b8e8a8383e3e6f438d28852e4fd162d90f16e23d0a89d7b4d678877d984cf1688a16b323bcf0d864f3916495002e83d9f97487c05044acc55e59ec0eb76067ca226245bc1d5ebb7fa85f7c6895470bd462918e1c0b6c7fec3a7168daebbdd50bb0d9d160556d475587b8a2d6d745a72dfaa4f0d2c0314de25c706c1e342486136e9fe2adadf1d6e26acaa756fb7c6e9c46b0b709f7547f9d78154ca1f14c99a55d55ea3ac41667b8a9d4b8c346bc989aea1afd3ebc41c22202d1ec8b3eeaa2c786b93b3afc1d61eddc56a1309acfc1b11b2b08dfad017f5da3b84237891b74a356b70addd56647b4e6aef4e32c37c2adcd25260ea16f81f8a8ef1017f4b9b501cc84a323b1c35bda81103c176f0f5d4efdcc5abcaac41bc9ab2d759d1b294cc25891aa414354302e5b14a423207ab324d039d7987dd4a37d2f0b506193d62a7a36ad3a3c4516d1ce9310cb036125b5049962f07cdaac6a19a754913d16d31bc4ae728bdadeb032a33aba3c5afdb1a2aa5b2e185583477b8744cfd791b78d7c0fcd71634e7fd08f97833a72baf294f2042b611ee5c928bfc34a94b758487913fc3af88d28bf067e15fc0af865f04be017c10f831f023f087e8085984e799b15013300f5886a006e025e01f4ec24b4c49905f5394b561e63154003d0065c02e851f621e4dd841639f32a67ec8c73f17158d04d529c2ec56952b44b71aa141ba5d820c57a294e91629d14274bb1568a3552ac966295146d52ac9462b914ad522c9362a9144ba46891e22429164bb1488a6629164ad12445a3140d52d44bb1408a3a296aa5982fc53c29e64a31478ad952cc92a2468a6a294e9462a61421296648315d8a69524c95628a1493a59824c544292648315e8a71528c95628c14a3a5a892a2528a0a29caa51825c548298252944931428a13a4182ec53029864a512a45891443a4182c45b11445520c9262a01403a42894a2408a7c29f2a4e82f45408a7e52f49522578a3e52e448912d4596147e297a4be193c22b85478a5e52644a9121855b8a7429d2a47049912a458a144e2992a5489222510a871476296c522448112f85550a8b146629e2a430496194c220855e0a9d14aa148a145c0a1615bc5b8ac3521c92e2a014df4b71408aefa4f8568abf48f18d145f4bf16729fe24c557527c29c517527c2ec56752ec97e253293e91e28f527c2cc54752fc418a0fa5f8bd141f48f13b297e2bc53e29de97e23d29de95e21d297e23c5db52bc25c59b52bc21c5eb52bc26c5ab52bc22c5cb52bc24c58b52bc20c5f352ec95e239299e95e219299e96e2d7523c25c593523c21c5e352ec91e257523c26c5a3523c22c5c3523c24c583523c20c5fd52ec966297145d52dc27c5bd52dc23c54e2976481191a2538ab014774b719714774a718714dba5b85d8a5f4a719b14b74a718b14374b719314bf90e246296e90629b14d74b719d14d74a718d14574b719514574a718514974b719914974a718914174b719114174a718114e74b719e145ba538578a73a4e890e26c29ce92628b149ba538530a79ede1f2dac3e5b587cb6b0f97d71e2eaf3d5c5e7bb8bcf67079ede1f2dac3e5b587cb6b0f97d71e2eaf3d5c5e7bb8bcf67079ede1f2dac3574821ef3f5cde7fb8bcff7079ffe1f2fec3e5fd87cbfb0f97f71f2eef3f5cde7fb8bcff7079ffe1f2fec3e5fd87cbfb0f97f71f2eef3f5cde7fb8bcff7079ffe1f2fec3e5fd87cbfb0f97f71f2eef3f5cde7fb8bcff7079ffe1f2fec3e5fd87cbfb0f97f71f2eaf3d5c5e7bb8bcf67079dbe1f2b6c3e56d87cbdb0e97b71d2e6f3b5cde76b8bced7079dbe1e53b84e852ce88f41ae1c19d39d2cb093a9d52a7457a0d05b553ea54a28d915e56d0064aad273a85681dd1c991cc91a0b591cc72d01aa2d544ab28af8d522b8956907379247314a8956819d1522ab284a885e8a44846256831d122a266a285444d918c0a5023a51a88ea891610d511d512cd279a47f5e6526a0ed16ca259443544d5442712cd240a11cd209a4e348d682ad114a2c944938826124d201a4f342ee21e0b1a4b3426e21e071a4d5415718f075546dc13401544e544a3286f24d50b129551bd114427100da792c3888652f552a212a2214483898aa9b122a241d4ca40a2014485d45801513ed5cb23ea4f1420ea47d4972897a80f359d43944d6d6611f9897a53d33e222fd5f310f522ca24ca207213a547d22781d2885c91f4c9a054a214723a8992c999449448e4a03c3b918d9c0944f14456cab3109989e228cf4464243244d2a680f491b4a9201d914a4e85529c8869c4bb890e6b45f8214a1d24fa9ee800e57d47a96f89fe42f40dd1d711d70cd09f23aee9a03f51ea2ba22f89bea0bccf29f519d17ea24f29ef13a23f92f363a28f88fe40f42115f93da53ea0d4ef28f55ba27d44ef53de7b44ef92f31da2df10bd4df416157993526f10bd1e493d11f45a247526e855a257c8f932d14b442f12bd40459e27da4bcee7889e257a86e8692af26ba2a7c8f924d113448f13ed21fa15957c8c528f123d42f430e53d44f420391f20ba9f6837d12ea22e2a791fa5ee25ba876827d18e484a19281249990dea240a13dd4d7417d19d4477106d27ba3d928278cd7f49addc46742be5dd427433d14d44bf20ba91e806a26d44d75363d7512bd7125d437957135d457425d11554e1724a5d467429d125947731b57211d185947701d1f944e7116d253a974a9e43a90ea2b389ce22da42b439e2ac039d19712e009d41b429e26c029d4e745ac41902b5479c08c6fcd48873306823d106aabe9eea9d42b42ee26c009d4cd5d712ad215a4db48aa88d682535bd82aa2f276a8d38eb41cba8b1a5547209510bd149448b891651bd66a285d4b326aade48d44025eb891610d511d512cd279a47839e4b3d9b43349b063d8b9aaea10755139d48dd9d490f0a512b3388a6134d239a1a490e82a64492c513264792c5f69e1449de049a1849ce034da022e389c64592712fe063293586683439ab22c91b419591e42da08a48f2a9a0f248723b685424b10a34922848544634229288f73b3f8152c3238e1ad030a2a11187d81aa5442511c768d09088a31a3438e298052aa6bc22a24111477fd0402a3920e210032b8c38c4d92c20caa7ea79f484fe44016aac1f515f6a2c97a80f510e5176c42166298bc84f6df6a6367dd498975af110f5a27a994419446ea274a2b4887d2ec815b1cf03a546ecf34129444ea264a224a244aae0a00a7672da881288e289ac54d24225cde48c23321119890c54524f2575e4548914224ec482ddb6051e81c3b67acf215b83e720f4f7c001e03bf8be85ef2fc037c0d7c09fe1ff13f015f2be44fa0be073e033603ffc9f029f20ef8f487f0c7c04fc01f83061a1e7f709cd9e0f80df01bf05f6c1f73ef83de05de01da47f037e1b780b78137823fe24cfebf1033caf815f8d6ff1bc129fe379197809fac5f880e705e079602ff29f83efd9f8259e67a09f86fe35f453f18b3d4fc62ff23c11dfec793c7ea1670feafe0aed3d063c0a04bb1fc1e7c3c043c083d6e59e07ac2b3cf75b577a765bdb3cbb802ee03ef8ef05ee41de4ee4ed802f02740261e06ecbc99ebb2ceb3c775ad67beeb06cf06cb76cf4dc0efc12b80db815b805b8d992e7b909fc0be046d4b901bccd7292e77ae8eba0af05ae81be1a6d5d85b6ae445b57c0773970197029700970317011ea5d88f62e304ff29c6f9eec39cfbcd0b3d57cb3e75cf3ad9e33d56ccf196a8967132ff19c1e6a0f9db6bd3d746a684368e3f60d21cb066ed9e0de307ec3291bb66f787b4330d1605e1f5a173a65fbbad0c9a135a1b5dbd784762b9b59937266707868f5f65521ddaae4556dabd43fafe2db57f18a55bc701557d82afb2aef2ad5da165a115ab97d4588ad98b2a27d4578856e5878c5fb2b14b6829bbbba1fd9b1c2ddab0a1c5cbf22de5eb53cb42cd4ba7d596869d392d062747051c9c250f3f685a1a6928650e3f686507dc982505d496d687ec9dcd0bced7343734a6685666f9f15aa29a90e9d88f2334b668442db6784a6974c0d4ddb3e3534b964526812fc134bc687266c1f1f1a5732263476fb98d0e892aa502506cf32ec19de0cd52e3a3029033d616e3eaad01d74bfeffec2ad63eeb0fb11b79a684bf7a42b7d6d69bc7c721a5f96766adaf969aacdf5bc4b09bafaf6afb2a53e9ffa5eeae7a9baa4606adffc2a96624ff1a6a84e31b6948933aa342eab201e50ac8dd593e2cfa9b239b9cde9712a959f3bf966a6722fe78cdb41aa09657672a7a74a7d908b5fa2d333ce2f603302e3bb4c6cdaf8b069caec303f2b9c3d5d7c06a7ce0a1bce0ab3d0acd9d59d9c9f57a3fd4e423859fc5289963e73eb5696396a7c38737a7544ddb62d7354cdf870bbd0c1a0a6bb856628521398b772d5ca4075f004e678dff18543753e6c7fdeaed86cdc66ebb629411b3a6f4bf02428e2a33b410d260c1852658bf7c42be2a33b5e4d09c6c323c6d7c73a654695cde2b128a132cb648b12b4949557052d7985557f35ce1d629cf4e440db3c7ccc5bd916d0be91aae1ab443220bce27b651bd2e26b959666811f352a069abf12d6269d6d3f5eebbfddf84fdd819fbfd16ff28cec56ce600dca26e074e034a01d3815d8086c00d603a700eb809381b5c01a6035b00a68035602cb81566019b0145802b40027018b81454033b01068021a8106a01e5800d401b5c07c601e30179803cc0666013540357022301308013380e9c034602a3005980c4c0226021380f1c038602c3006180d5401954005500e8c02460241a00c18019c000c078601438152a00418020c068a8122601030101800140205403e9007f40702403fa02f900bf40172806c200bf003bd011fe0053c402f2013c800dc403a9006b8805420057002c94012900838003b6003128078c00a58003310079800236000f4806e64373e55400138c05803878f1f060e010781ef8103c077c0b7c05f806f80af813f037f02be02be04be003e073e03f6039f029f007f043e063e02fe007c08fc1ef800f81df05b601ff03ef01ef02ef00ef01be06de02de04de00de075e035e055e015e065e025e045e005e079602ff01cf02cf00cf034f06be029e049e009e071600ff02be031e051e011e061e021e041e001e07e6037b00be802ee03ee05ee0176023b8008d0098481bb81bb803b813b80edc0edc02f81db805b815b809b819b805f0037023700db80eb81eb806b816b80ab81ab802b812b80cb81cb804b814b808b818b800b810b80f381f380adc0b9c039400770367016b005d80c9cc91a46b6739c7f8ef3cf71fe39ce3fc7f9e738ff1ce79fe3fc739c7f8ef3cf71fe39ce3fc7f9e738ff1ce79fe3fc739c7f8ef3cf570088011c3180230670c4008e18c01103386200470ce088011c3180230670c4008e18c01103386200470ce088011c3180230670c4008e18c01103386200470ce088011c3180230670c4008e18c01103386200470ce038ff1ce79fe3fc739c7d8eb3cf71f639ce3ec7d9e738fb1c679fe3ec739c7d8eb3ff53c7e19fb9d5fcd41df8991b5bb9b2c7c54c986bfe3cc698f13ac60e5f7ccc5f8c4c618bd94ad68eafcd6c2bbb983dccde660bd826a82bd936760bfb250bb347d9afd9ebffec9fc0f4b4c327eb9730ab7a1f33b024c6ba0f74ef3f7c0bd0a54fe8e1b918a9249df7a8a7dbdefdd971becf0e5fdc6d3fdc65486466ad6ebcf212bc7fe287ba0fe0958b74f7609156b640dbb41a5f1aaf3b7cf7e15b8f9b83a96c169bcde6b0b9ac96d561fc0dac992dc2cc9cc45ad812b6544b2d45de427c3621351fa5105e347db4d432d60aac606d6c155b8daf56e895d194c85baea557b135f85acb4e66ebd8296c3ddb10fd5ca379d623679d965e0b6c64a762654e63a76b4a327936b133d89958b52dec2c76f68fa6ce3ea23ad839ec5cacf379ecfc1fd45b8f495d80af0bd945d80f97b04bd965ec0aec8babd935c7792fd7fc57b1ebd8f5d83322ef5278aed794c87d803dc1ee6177b1bbd9bdda5cd663d66846e4bc346973d88a39588f116eead1639abf3547666b23c62ec6d6111de95af84fef516375741e45c94d2849add03a8856361c371317600ca48f8e8852976ae33feaed392b3fe695f3714d8f99b95a4b0975bcf787f465ec5a9cc01bf0296655a81ba1495dafe99efeeb8e94dda6a57fc16e6237632d6ed59464f2dc027d2bbb0d67fb76b69ddd81afa3baa722be8bdda9ad5c9875b208dbc1766225ef65f7b12ecdff63797fcbbf23ea8f1cf1ec62bbd9fdd8210fb14710691ec397f43c08dfc351ef1ecd47e9c7d8af9016a528f5047b1211ea69f60c7b963dcf1e476aaff6f914522fb097d8cbec751e0ff522fb189f87d80bfa0f58021b891fff77639eaf61f3d8bc7f65743bdef4e9ccc9b6757fdbbda6fb5b750c6be2337081bc03abb4939d8b9fd8971e2dc93dccacfb2d4b663bbbbf51e780730fbda56f3e7c63f7e74c8fa8b9527d09514e654656ca26b249ecf2f09981ea07583c6e29296c28bfe71e67458529cff8106e200af3e20e63629c97076d3a25febef4f432ff7dc586adaa636c17cfdb5966dc8adb79d9a1770fed2d38f4eefec4d282fdbce09d7defeeb37fb9d7515a3068df2bfb0614ba83c9e9f1f7b5a06ab1ffbe9662d5b0b545759489fac1b896b2a062dcda82465c6581f4bd81bd0581bd013413281c50c31d3e8786e404c5684c36f87be72bc57d72060f1a347084525c94e3ef9da068bea2c14346a88306f652d464e919a18834575f3a384b9d7cc8a06cf497cd1ca4ef956e4b8e37e8950c5762def06cfbf4d9d9c3f3338daad1a0ea4dc6dc21a37a8f6fa9ecfd96d191e94cc94c34991233539c990ee3a1b7f50907bed2277c5fae6bf9fe12d5306c4e59967a85d9a4e80c86ae5eaeb47ec37c6367da92ec3a4b92dd916232263aacb915730e6d76668836329c4e6aebd044c6d91ddd070c01ccfe70f69a98f5a0bd7644eb0825beb030b5a0c09cef72a577757fb4c3ce2782bfd8618b72bcc6dfecb06afcd10e8b60c511ec9535c06a35bb50dc6cb7890f14349b51caec4211f36efcd8c5ba1f09a621c1b2064fb5b852e30b5c03f20d9edca99e5062481f6265b0c4d452c7a0325ef04a609ff68e1fe818643fa21ca527140c1ae41834a0702e96f16fb6e13ada08162d5b2e81c3cf1354a1fa70bfe388b348ac5e2f25950fe25832219d868029d99396ea4b32298707a9166766b2b357b245393c9a9b92bd692e6f92b1bfbbd95b98e58ae36bf47cb325dd9393b6c4e64eb2a69bac46bdde6835e9167e7f89d16c547546b3014b74e511ff2dfdb2ace9b9ee8327aab7f4ea9766894bca74624bdfc0987a106fff44e6612368ef27e12768c6d295e4605c9cebbb8406f777fa85ac6c7f197673740b5b135cdfb52434e8dddfb5200b9bb54cdba26260fede39dac07c188db1281f0e87d8a1eac1b11d4f6dfd3e392b2b993b3a1edd5411ce0d6d69b9f082a6cd35fd15cfb9cf6e1e99e9536ff265569ef1f0c669e72e1c7af0b3018d978bbfc5bea1fb80be11fd2b618b45ef76f677e6f57175f1ee605ceff802735e5eef22b3483958efe286bc148b9a99d390d96c6fd637cbe5148bb96f6022962eb1b4d4be6fa0a3b4540cc1767c71b972c7af9bc1f0ff5cb714a7bed198e44d4df3261a95c3e7e8fcb9d8ed71eae12b1563a2372dcd9368cc71b578fafbb0687d757ca035cdd737a3292d2bd56831ea74f850d71c3cc36a550d710675fdc1b38f789feced150b76a84879aa57bf748bb7b7f8db75cc877a0de663100bb2063123bb985971ee1c600f388ac4af68e40c737461e56c1901c787c386a5967ee36d488dce8616914ab188035fd987b9784d5bcac4c030c7872d28e92dfda6255a564c8516774a7bcc459f3ef9aaffd849106bec14f1a8979a9a9a92a2f658ee6b4cceec0cb7cf695667dab20a47162dd4b6af2fd984f54faf3d73766166f18401eebc6c9fbdc66cfcd459383e78e97923260d4c4b326212d4b804cb57fd2a0ad20f4f3e3219cff83273aa168e2c9a5939d06ef11506733f4e4f53def50f0fa41dbe2bad40fcd5596df77ef51adc817310c91fd0e289a76c18b7b84b4524281591a0d46e171f880ea5222694decfbfc3462fe87e5f04958268b02988061b8dad51bf45b0620e9a937c5596d23e6e5d423ff1cf51ae71455d5cb72361a27e0226182784f61b058c57a271a3540b176659d1256aee6c718d4b107577b6689531e33843c7efbe62da7b14c053521dd140ee5473b470ef4ceea588c91ea25e637464248b083bfacad9f5e79e983b70c185f3276f0a1a933d2eecc9b85bca375494550f497316cd1ce93b2158d5270d4101d36a35ad993873e2a6ce056df79f31bab25cb118e345ac88371eaa9c7ee2f005eb8315a7379e90d8af7c00cee195b8fddfaa3e8d7db7593b87adc53cc7168dc3b6e81481bfd869b3f309b668a0b675f16f83892c9884981b74e0c30b274bc789cd0ec605c6e5d89cdeb14e3175d88e22bcecc17c69b3a6cd5967402b686e395ad245458f441bcc8e9809638f6d199d23a7f6123428b72a863893293533cb9956583cd46f4aa4286a48cc484dc9b41bb3470e2dcd8cf765655a752a5717a4f472c4c5c59992f3270c391436594c3a1d3ed4334c96386c4a8b69d3e08a3e36d56436c725b8b1e3c6288f2beb0c0e96c58ad92c312b91b8b4e2fb793536551e3f3b68777896a4c5a9b9e194e503afb6b6a92ba37ba454db23084a5a204ad20aa5e4865b52965b075edda2158cee87526d3ff0e8dbfe7fb51d060f51d6a5f91c29364341ddf051b34bd3bd23e7970d98966bb4a52727a7db0d67e58ececd2af2d8acbd06e6648dcd573eb0c6eb107846160c2898bc6878d5cac9819c1c9eaf37e9545567d21f9e9e9fef2d2af7675515fb02c5221eb728cff017f56e96c7aac48877f44e6758e51383d674f39e3ecb7bdb9cbd5a9d2b8faee8977b12b551c6f731ef69399affbf58c7c122aed22aeaf88b8acea837596c4e872dc3eb4fd1db6930697e7faaab5f8e3f29c19762d471dd4b0e5782516fd05b5cb999876fc3b074626c8acb0a1bedc94d35e94c868454a67073f737fc37fa79b843f665d9621cf7e8b3dd13ed55e8f83b7bd1df7bf5d9412d8d8ea6bfb3b747378bd59ce8b4271d7fbf7ad028ee37198946073739fd196ebfd394109796ebf1f475e145dad7e3c94d8be3ab4c56b1abac2675b735d1aa37581dd6ef4b7d01b7c5e20ef87c7969164b5a9e88f3fbbbf7f3bb75f3b51e96d07b394569605ee6544aefb5d8fba1bf8b183a6bdf23dfcaf70a67105e97e8b27d4f8f4ef7518b7ea8d3971a6d6e678adb6ee00e43525686bb3722705c4a5666464e6a5c5c6a4e4666564a1c2f16170a151f4ab7d56ed6eb2d36eb416f661f97c5e2ea9399999b6636a7e5a2cfe7a84dca55fa553d67d59d33da3e1ab3fadc406d56dd412d2d66f5b981c7cc6ab43fc6e33c294e6593c19e9a98e8b21952cdc9be54bc43e2f8e12dc7f80a73d4cd725af9f3521d1e70accf6e67cc8e9f8967e966eb26e1be6f63a9b8f3f461056c082b63a3d96476229bcf16e2a7e735ec543e417b832c9dd2dc32a3a564edfae1eb735bdbfab7796b1bb21a4c63265827b06085aec25e58945cd4b2bead6142455151c58486b6f52dc68cea39ae8c712b564f5a3d6addc6aa8d03172f1dbc347dd6bc5ef312a7cd4c99a90c1d611861ee979f90bf7ae3d2793347e4e78f98396fe9c6d5c69ca605bd7358c17305cf39524b0bc870f77c6ee08f7f705123f1efa9214e63c93fd6bf600e7315a4ffbd5dd496d9dfbbb868d0c03e514e8a726a9465bef1b8f4f17c7cbe31e5d874f671edcbe7a9af141615155e223efe3268c0a00159ffd3de77c03575b50fdf9b843d155144908ba8808670134050ea881020ca320cc51d9200912c93b06cb5800bf7288aa32ab8ad13a9d5d685a275b65a57ad56716f9c75afff39e7de8480d8d7bebf5fbfbeeffb258f24673ce7d9e779cee5862b6cbd0be581d7fa202e37882182ef6fdde10063ac11f7ed063298c76b8f738383b9f80138f96e307c7f0eb14b618b3917bc91a0f7eed7a0206e2de8e065a0910aa97d0edef09dbcc090b731a03587248319048df4ce0a346ec165bf0593c11cd078ff1e9bce38c6acb5b8c5b0b4ae8697ad863e168e0d87b15819d01a7e8dca87b4851f984fc836c6f82d9c5676ccb67eb0d556d74c67a1333df4d6f19ceba0b7bfc7429ac2343def1a375d33267d99c2f471f9e0b8eb12e462b84c61d65a39b7767569e368751bb7716ae9e4dcd2d106ff1dc7ad9cddc0a893555b97a856446b67cb43cc9356cd5d5b37ef63eb626fc3b86a014e1de0dc61c1e8f57607135c7a3259962cd0ae318e9f717705249abd7dcc7068eeee646961dfcca1c1939ceca125daa0b7b4341258e9fd0f563318a4d55370056f5d0952506010c9657abb7a473172df4eb67a9a01d6ecfecf00bce8bf027ef97b8091f617e0c63f0dcc39fffbc0f2fa0f84f97f026fcc6086ff0db0886b00abfe83e0a519ccf0bf0d5651ff36c49bc10c66308319cc60864f829366308319cc60063398c10cff6370d90c66308319cc60063398c10c66308319cc60063398c10c66308319cc60063398e17f001e9bc10cffff02fa5bb400463b8cfe3fed19ce688489fe6ecf11f5609b8139b236d16d26d69eb58b6eb34c702c3037d615ba6d69326e85e5b25ed16d6bac93c518ba6d831156c574db96516ec4b7c352ad96d26d7bac93d50bbaede068696d90d311eb0370e8bfa7c3ad5bfad16d1cb36a45d26d0666e55648b799989bdb44bacd32c1b1c0ecdd96d06d4b93712b2cdc6d2dddb6c65c5b06d26d1bccd9ed06ddb6c5138df8765867b76774db1e736ded4db71dac98adbbd06d47ac03c0616238cb0608d7dc4243b7293b536dcace549bb233d56699e05076a6da9626e3949da9366567aa4dd9996a5376a6da949da9366567aaede0e84674a5db949dd76004c6c3488c8b8581561c7a42971653633af09381e9c158047ab219f57c3331189183960ae380193ea6004060223096896581391deac9c0a70c60e7827729c074c062402b1d8cc8b03c809100a8c9008d64ac00b5082c16502e0074731047056865224908f0a346cf06d31a79104699492c08b43a1a7ba1181bf117030a1a804b00be62c007d29060d9346e1fd0cb02a3703607c8a733ea938c9e50a643127c4c9e0c640702eb0dfae960068e8a91151aea48d151d39a12884b0e9895207d0dd6cd036bb5682407604991d508309e85c6e2302190095a478ed6a9905dc3d17a19c290614ac0135a598ade095a22032e81c675c8a772208bc17bf57ac0793d90420e56ea801522903672a489dca88718fc28c10a4a424a1f31e241d0be96038a90aa18e0415a05a097075a7ae407f8ecbb74d0562099b4c816505ff86cbd4cda5214553dd289e2a9421a4990a42ac44587fc24445ec9002362f46c372dd291409f942fe44827ca163a14153a40554cc72bf498861e377051023a0a641f0d2da50a8c2811578aa60e59aa5e02c8518374313cfb8fb22d25bb02450d8c842c3a72a154f03977f0f9817ad453215f1be29ab219c585f2a38ad64b8d6c9b8e30eb2536d5085a2d1fada3b4ce067d0edabba6def445d494884201b2430ebd4b4ded6d883e151dc9507fca2f5a140d861895215fc3c8d518b5a164cca47174a0378aa6ae075a501eca357a498c6204ee006503bd0c994702241123fe129a3f0765974ce42b38f361beeaf681d6a974e41822bf0ba0c20399e3e391ae473ca5281221976ca30fea77e6877932938e6b8d111b462ee57115c097a1d8f97f936f6dcd19f7bf26e3c6024924981fda65fef43c8145a3a85023c9f40060beea8605029022dbc295ca0fa28743c75c206817a018ca4451047d530046e1134e291b1ba852341548062841069296ca7314ada6625487e25c8374a7ac605807bd9a86785099a600599ab28cdee86d03b6212f48e8dc0d77391bd900e269e8a830cdd31a6457159d1f282a32ba2fa673b20c651439d290922e1dc961f072638fe9e91554fc683f18c930eac0fea44c40550529b2a99eae3ed4fea4f8b28d7c1a6b4065d13cfa49a9591fb1591eada91ced3405da53d4ceffd0f6700d5559fc00be7f83086e9a3a25c3bf6b5bd3fd41557782aecf7ae43949833ad95883faaad858ae709318809a50ba50a70543aed41a4f1e52547b55288f883faa29157be2065145e50335fd4e6945b573d07ea1f29314d531399d5b283a105381b2ffc76394cae22ada33f5d40d3b446e72aac842f94e4edb19667507942f65b40e861386c1ca0da39a8d3c23466d2966385f35ce738d77825fa3bc2043793a0f9d28e4c8fbd0ab6230062d9409300c738134cd618d72a73fbd7bebb345fd69c020cd5fa94e9f580d088f4634620d34084f6334c32711537e32440d753a51d055a43ebaffacc219a2f2e3550e7a2ed1b87374266711cadf5414c8685e54c656d17e67239db574f5319c2ba8735126ed67431c5371a5a1cf3b1407353a778b919e86481163f555be713efb1b7c61b49018e90eed26a773bd94deab12faacad42b29ad64c393a8deb506cd2327edcb7a09dd4b0ce036ffb9bd8486a728560ba1f3e991e567f5563c06e3abbb11b653783ed1baf56a0ab027923bd0d72d59fc1ea774d7d2532f8908d19aecee05598a12f3389100dbafe52a078cb32a9b094d4e94816195da9728cbe34cd25940f03698febd02e51186530eceb86b1f4e95635adf09496a695a6614cd75b220fd951f96ffad1500d72d0d525651999890452f40e79d6db6504c09098d40efd9fe4632af34b9106868ad7ad4116a74e63b9a8ddd4a95b856a84a1ca985e9f19ea445339a5e12a1dca1594afd269bd9baeb9e28f78546bd45e87a25485a853bbe8c32bdf7f37020cf52d0613a0d9042c0af4fa836a294223423046802c2a0233a9a017094623c1882fc048a2e77d91a7faa33a1403f052508da36888c07b3ce8a7a11c178511a80f7b7d017e3ca005d70ab001888700504b429822443b0e8cc6824f018d075744809114d087ed689405297ef16015750d21a46b2225693218278c1a36944a88381a248b033d11a01f43cff2016d21a207e587fca3503bde2867142d291fd908528634238044b1a8074753c06722c04b42fcf948674ada78a4431498a77411200920670ead2b8507ed934acf401f41f96201d46bc547368841d2d4db2f027c2602c921fd68309b8c2a4402581989344d42d613d03683dac6a25ebd5694a7229036d0aad00691a01d077ea28db613a1774a169109b586b6eb8fe6ebb128fdf8f47b04b25c02ea51de8840bd64e42b38cba67d29427a34e6da1f45a20061f191c649c6088942d14b496f884e8a47828924143fe85b53590c514dfcc91ea1a818e653684f7f681768753eb209942bc9c8f96394c1de5c43f0486e1811279768d53a75869e88506b356aad582f57ab38045fa12044f2cc2cbd8e10c974326dae4cca718891a56b6579448246a64a2ed0c8885871813a474f28d499720921516b0ab47005012993414447f811ca26446285268b8811ab246a493618eda3ce52113139521de4939c25d7110a533a196a2dd15b9eae904bc40a82e60870d48029a153e7682532028a9b27d6ca881c9554a625f45932224e984cc4ca2532954e164ee8643242a64c9749a53229a1a04609a94c27d1ca35503dc4432ad38be50a1d2742ac90a76be590879850aa0141c047acd2012a5a7906912156ca1505449e5c9f45e872d2f50a19a15503be725526100aa0ea654ab052250506d0aa645a1d8710ea890c99589fa395e908ad0c6821d7031e121d9bd029c5c0ae12b106b4e112658e422fd70092aa1ca54c0b3075323d22a023345a35f0069416505728d4794416302e21576ac4123d2157117a686b201958027454015eea0c225d9e8908538cf4b27c3d582ccf9671085a4d5f1da114ab0a08490e70292537349f0a18592b06ba68e53a6851995849e468201b4031138ce8e4a300ba5e0d14ca852a8909e00025c50b068f244bac0582c9b41c912c334721d61ae3aa9b817537180f21a9c044d0055d38bca006a6d76bc5529952accd867a20971a233313585c0387256aa0be4a2ed3716273247e629d3ff02211ad55abf5597abd46d72d3050aa96e8384ac34a0e5810a82fd0a833b5624d5641a0381dc4194405988a1c895897a156018303ac7a66ba1c8d4621078103e738449a3a0758ac80c80121a487c10a87a12124c0b57a199b90ca751a10c09443355a399895001419f8140337cab44ab95e0fc8a51720ad0ce1084c05e246ad3534322007f687ba833890e648f46c188eb9602d1bae313000fec9cb924bb24c24cb034ce52a892207c47ebdf46a1588143fb93fb52d4cd001853f9396da4520d681df757aad5c4205a481018a4303ad7064013f39e002f6044c255ab873a4ea3c95422d9636b49e983215882ca00e701f6ce4e835200b4865504d88932553681a5a14e42510bb143a74881ced932c79ba5c0ff39343321039430d770b149936359b4817eb80ac6a953153189ce047c7824cc5c99367cb3532a95ccc516b3303612f10600ea3738a3f702f0a0bb4072099a6936053c9eb048d110b314e42338f50039da069c05e5280c486ccdd304d42533648940e0e89d0393ab47980dec00432b00a0436b08c944d646841d2835b046cc44ca033b431b015f028584ea8d341b25341a38851a236c4d9a76b010512eb746a895c0ce303ec3390b2547a31954fe50a60193f48b181b644129da94ffa2389a4281b527e68120fe559386c126e6c3adca0f48669851cc429c51bd2d252950a70409b086ac886b95c9e013f65c8209a1ca0902e0b6d58403a3d076e5e1d1ca4a30468180814d7c9608a566be45446fda8a8d486072ca94d435b1a099197a556fe898e701be46855401819222055831c8a64192193e80d01561fc720f8a572b4f1ba51210ed258aecca4e0aad47ab865a8642ea7b7311529f4942e0bd6837459839d2b3651540bd9ebf42098e4c045c6caf3670680fb2d464024254425f7e78b04843089481425a40a230591842f3f09f47dd9447f61724c424a32013044fcf8e43422218ae0c7a7117d85f1916c4230205124484a22124484302e3156280063c2f888d89448617c34d11bac8b4f00755d087622209a9c4040863429a12009128b138822624097df5b182b4c4e631351c2e47848330a10e513897c51b2302225962f2212534489094902c03e12908d17c647890017419c203e1994dc78304608524187488ae1c7c62256fc1420bd08c917919098261246c724133109b1910230d85b0024e3f78e1550ac805211b17c611c9b88e4c7f1a305685502a0224268b474fd63046808f0e3837f11c9c28478a84644427cb20874d9404b51b271697f6192804df045c2246890285102200fcd0956242022605dbc80a2024d4d34f0084081fd942441bd2c91027e2ca09504179b22731cccb705ccb705fe826dcdb705febedb02b6e8c77c6be0bff3d600e53df3ed01f3ed01f3ed01f3ed81c6d9dc7c8ba0e12d028375ccb709ccb709ccb709fee36e1380bd49fdad0186bd77c326604dbd18f437f231dc0f7cb2d137fbffec15c92cb3b7c7010e9efca9f80e0e08bff053f19d9c10feba4fc5777646f8673f15bf593388cf607d2abe8b0bc0079f18fc0b0516c2876b2d804b30dc1d73c0a762eecc3e580780c103e3dd1ae1f630c17505b83e009703303e83d41be1169be0b602b81d012e0f60f0c1789f46b8474d705b035c7f801b023004603cbe212ec0a8c76d0370d900b72bc0e803c6931ae12a4d703d016e20c0ed0e3012c0781a8c176b6bdcdab6a6660578cd9f6f6d815b5b595be7978057be2513b7645d2a842f6b1cb766a1562156c864e2d616e5e5e5d636b8b5dd9ec23d854b0194022801606381db000a06122cdcd26253355c6783e33634098a860da461638bdbd857835745af8a5eb3114c05606b89db5ab3582cfdd471e3c64dd55bb1702b9a4ca12dceb0b530d22964b1705bcb99e0656b87db3a540faf1e0ea896cf22661193018c03606789c3ffc6b149627638c3ce408ca66687a8d939e0764ed56ed56ee57ee57e336366c64075c65b8fb72eb6b6b7c2ed6d18e0d52daa18bca2ba59b3706b4b9a60a13dceb0b72c6c48d2de0a92b477c4ed9d2f795cf278f8d971f659c559c5c1d8a347f74d3d30b5c6bec6dec11a77b065825778660d7c658623439ebd544dbd1c180c07cb6ae30babaeb6b0c41dac8fc2178a6c43dcc37dcf902a5499749ba3a3daa9b0cdd78ad3d9045fab54b1898802ad824d44cbd4d9e85d0bdeb532d086bf656613b162bdeaaf612319702407f8f15c023e5b5022799691c59e5f59da749a1033e1b9036ec5282ff61c07860a1938ceb5236d2c2d3a3b3219ee161829b6b4ed6c89b3f0e25006ce2a4f22fb916c93118fa56d0b3dc046839080ce436a748502cfcf3d2090de26c4582d963147af3d9dfc6dea6bafdd73c337ae92f44b6d3fbabcd82d852c66d590c5ccb5e54c06ce60b80401117fcc2fec82e7b8cbb548e01f4907a3b4b805902b0f89c94c6159ba305292b82e6433d8b176b1ed2fd665c955997ab58aeb4c3ac2412b172b914caa54aba4dcb6a4071cb175716df2d62ed79bf482f34c17b7faf964b9521690a4172b354462049f6cdbca81db85ec4a86724343c2428206826e9849972caafa5b247320ede0bc9d0b2b2e2151c4f5253b50ddb6aa08b906def2894c121082a4f86e5121bcb080a0d0d0d080307e68176e07d287d2c8a3498d92a81b676431deced4c2b805c62cc69d30306ecb2806d979bd9d4f9bd5874bfc5a74b95a9335c4729c5f0e7f62f3d55faf09660caf581ff59dadc3ba15271da204b7362ef678a21bfa5efde6bb7901739eb5f12979d6afeae6c2fea96fe38e2c0df9febaf848660b46abc817935ca3cb036c67601b8f4cacee233d14b6ebf2d4ce776a26047dd7b9da7dd34bdf0596a426ac7687cbbec2637d86cf1b79f5728d7aebcc6ed1579cedd66a4b068f691fe178e69b55dec125e7d6e5cdbc7ed9e98baf5a4df099d6fae481913fae78b62991bd64e0d1819bf003a5c5fbf0d7ae0cd93dd5ae5658c0448b5993874e0b9d6ab36457c62595f2f4a5f23ee72f962e1e35fab79619d578a7c004df5703afbf78e479d791f52c5bd0b6c5e86ae9dcf3c7bf7f1ff5f388dd3a2f0613eca365c5b80db08805e9094ceae9c86ac96a716af733dea612aed38dd6a58f7aece6be1ac470b24131e4e9c372235b16b6f0097ef19b284a635bd7eb75eeebaace9b6a42aa9cc86488e0c58a23fb92c2f2e872c18408fa5e9b44ab68748356932d87a381f4ad4e5da0d18dd08bc889202a3900851c60690d36a68585158eb362c93e648ca14f32267c4633c8cbcb6b8a814cfb2794f5a40b94b703cb9eb43590645a37da904c1825f30661bf3f581633e55a62d7ccd2f6d5ea19bb7ad5765dc98e9bc45e9dd683673be2e89bc1ad58f3c88413efed978ebfd8612fab9bf5f3f86b78d54555842cfe52778e40e39f7322419ed032bfeae7cf7b3c68bd2eae72430e4fd4dea26ce6d99873b7225fcf14b74c1bfa5365e794394b4483f75493be56f7cfc4fa1654d53cef13e2d03a6e1977ffef27dddb4df3b509ee15faf3e2188fc9399323169df54ffe7675a8a2c5e283f98aadadbf9998bf2c54ba0b9f7def42af2f8735734e2eb51878eecb2abfbecd1707174f09f41b1eeafc28d3fd54b1ee7c2def756dd0b2abbd42bc77840ee265a98f9ced7c0b174b669595dcb8f3701363e3cbe783dfd416d5048ff9b6df85365ef744f75e91c596384863b74dd2d8bedb935e8c2a4abcfd1ea5b17da656b303696cccdf922cfcc88ed4a6f7329d97ca88247926bad1091c0bbfe1c245d92c940ce372792480602a9bd57749fddf221f3dcffcc8fcbfcc462593b7b5afb19ab1a0b0c0f54dc7e16fb425ec577f2c2b2b991bb575d991619302bb0571daceca7ff5c51aaf627ccba823ee3b9887a3eeee9ffffc35cbf3f178dbf7ed54158f33bbeff775bbeee7f59455ca97dcbbfa83ebd43a97052117c334c9eaf07beb0536a470cfae19e47cfb23b9879eebe6b4ccfb65caf6d203d6e389bab6ab431e8ddc7b498ff59d7ce2f75977cfe4bf9bf66afdf092ee3bbff7da905eb67bffb8ca991bce6cec7c32f975c8b99f46cebed1f6fdbd91d947beb4ced55f72ee1773ea11763026769955c8f53487b75f7c7df0c6c0abe39f9e59e0e4357de5b571adf69c39bcc4133ff0366695cbeca032ef18de8bbded97629b77251d1eabf21f54f4204c55f864fb3d17bbbb866c54082cf205956e3ac07463acccb1d6b871a7324dd2d59133e9e38e0def7ae77de6dec1270e6e5fbbb5c6651e2982d3cd5820172d8f26058d2b4d30c9835d0b97cebc2092e4f23a4bc2c8e0f410993820b86b7a7040302f282c202ca80b2f401a16c2cd10f37821c119920629304625bd9e6871b2f89b56a1a1edb628571fce61ccf9780a6c3243a9353a940541b8803806510c0218c6ef30f816408606906128058a4d52600a094e2b262950f02f1918b2e09fb0d093f6507070c1f29ec520b146db9959ccc031cb965ee7fbef4d3ce893b0b45ffeaf752fdefeb4f374f5a3976d52eb920ecaa32d4eef3b72efca9bf983e60c6b16e6576d2170b9b4a0a06447c6daf3dbef32527cb676f7c9e72b37bc78840d2c9d3fd9e3a8cd9ce30b3c22c9352b5a1ef8217ad0d3cec15396cc18105a13efb1b1dd61e79fce163baf0979b8a1ddc119ed57164da9f5f5b896e139a907e77d7f66dc1ed5d872dedd6fab021353875856ba4e3de829d9aab3bf7a665447a74e7305ab78637bccedd15f98e733e95da5f381c9d7ad5dfbedef3c903ba8eb88b9ab979764cff5533fdab7e1ce4e41aba3e9f1455b92dda3a7cf5ba1ac56f9fef8c2d7eb601db1c6aef2d1cf760b4aaf8c58241f5bd1e55725f16efce9f735dbcabad8bcebde62cfbc166baa271c7d50bc676d4afb08b72d31e3f3271c7f796251cfd6bfb5987473da92acf62559e16b0e14c677bc69ed1d2b79fbf557ae71415b528727fcdae7fbb0e9ef39172a872d8fc83e947fac727bf68cb18a89da6feeac78bde482fb99ae6fa487943dacaf7f31b672fd8e653f7c7e6c6eeaf251038e348f4e3fe1fde0cd67fbb876cf037b485784aa8727f6dc1a3933a1dc6ecaae31039e1dc89c283ebf78debe83538fa8a32f57734aeb2a9f6d2295f7460857df9e9b7b70a7f5be77e14f37e8422d37a71e6b7d6afbd3d2c3133d1e178ec013be6b53a4ab3a39a85dcf6e03dc6a4bee67ee13ae0afcbdc394ee438fdf0b8e9ce5b963967d6e718f07fbce0654b018d3635e3eb8c038c65c0a8a801528020fa822602b6e99158c72bf47e323ec30944e6d6d66779cf4d563b6146fdd9209a291db9a6cd560d0c618ac200c3b5379b37d7dde14a9d5207982d09567c82562bd8ce0e7e8b3d45ab9be00267732940c2683b8bc9020b22b48ee3c2eea0691b0fbcf9da1ff557e5f52a1a8ac3d1f33bbd317d99cd697775eb9ba7f7e3f9fc4f53f5f708b6fef74ff9755bfc4aed79344b3bb56a793e7b80a4bdbf49ebd61de60b2e3392cfbd6e73bef4db2727aeec89af770d251af2341ed272e7afc47a607fbcde7374b3cefdc8c5f56b1c727e9f0b457826336c7876e3cbea9376be9cb958aaf327ff5fb3d2a69d384e3d7fda238beeb2624a488ecaf31d9af47cc9c49aa263e492317bd1a73a6acea9677d99817275c9e586f4d528abe15cc5c1283f589ce68e6eb9fb1baecda49cba23e4b5f8e5bd52cba854df192717529f9eff0059e89d6e3316732aa6eeb459fa8edfb0292976c6c9bcfe7e61d5d581b3ef6ab0a31638ba743e59be70b37e33fb7eb9bfcfea545cd5ec2ce90dfd7028bac229d8c19c78264820f937cdee4e912a66f4f27160bc4df04d2d9d286ae09ae381cc1c8a279546e2e9a49164d2b6ce1b8ae7878af54dfb2eb1d5cde74ba6c9b3427eddaf20ac972f1df1e9ec5ce05eb5b56f4295fb13e5637e00f2b178e8c4ca48a82900475a83ca29c3fa1e7a79f8b8dd3f01b8f3095a382906c521062c82832d2a42084fd953331d42382a2fa89e761606be7b2c9358399915d2edcfe767ddef99f0bfac5e1951cfdc8414a7b97b53feffa7cc636cea9e64ba72ad3b7f5671c89275c12e75f18d5eb4affed1b072cf0b8ec894f58b73dfff194e3f7c2f1fb5776cdb0b538382de6cac324d70b096b675fbb396dc4e9c23d374a1f5b068e67de9ed5a97d3bcdeb676faee5cfe7383cb7baa2d9e116bf687ab6ad76ceb68aae5f6706ecefe778277d70cf96f3a6103daf58b9f35e1ee5f6c9e576efacb53b7847d3fdfd785b97dabdb6e2e90f7fddd6ea6efc942ff787741eba6cf7dd1da3ed7a7f7e2a49eb7d9f3cbc3d5f367810decab685e389732de63dfdecfb8c01550181375f8e9f70b45feaad459a52c5baaeb1a79e15ecfec66d54baff83a50bfd832df3dcd30f756fabf42a7e687780bdfd5844d5f597f7466fb9ba7cb53e645bfcfe913ecd3be6da7d269a3a726054448b1d55559be2320f2ee9fdbeb0c0bb70b12b9971ab77f3a1ee0717b7f33e1e71bbf3eded7fc41c659f3acb2b8cedd829a6fdb08177521facbc387fd1e16eea9d45be7acb66f773bd772f2cdee39bfc5de588ee932a72c5dfaa2a5c56eefe26fa6173f5dbc93cc5e677b5fd0e4ef53994b17391e7c4e65246f7808d6933b65df3bebe65d361c9b7f9c916a7f89cc475a59b56e4afad2a9f9be3fedbec892e39ed0279abad55e583a676d85dfe60dc61ef3377db261c5a705f78e9392e534fb21b7d507ef086eaceaab29fb9feef1df70f1a7c36ae4dc5d957818b7b72525a661f7259f6962cb61a45165ba41b4a81e3cc13a814301b5f061495fc2da9984792d486f4ff940d597f45c00565238c478674a58a4617d4e592b0fb8f5fb114333eac1d0c583b18a076803db7f6e12badb30767fd59d537c5ce71c13f3cfe6e80f792de6d3a65df1e98f8cd36cb307796f0872f6becdb5e08cdfeb1f959bb87617be75b6e3ad8f534de82dbfbe4248702e9c431a5c3db2b362e167e7d3b6be889da85499b6dd9351b7f5bd379c3289b8dbfce4d3b3cdcdde27646ee2d9ea863f3c09b6bad138f55456e1d72761f8799b336ebc911e5936e832b5afe11f5c3a530e93a9534247f65b9c429e064afaf5e5cbd68e5707a70c10aa1ff4d875de52e79bb4abb3f787db5f34067afb854bfa5a3b4979a77db2a1c7ab6ae2e62d6d8df3edffcf98436bff5a89c3ae4d6a48471ee8f2b02d3aecd0c0fd8103460ffd61eef7827ab98dd2b376f9c1d36e6c4a242f6d3f8d459de211d6abaaaa45f26fdf0b5d3fad63ee38efcf10373c2b4e7c31e1e17ed9e5a3a7147b5b7bec33037bfef8efafa857598d7b54f97635f54cedee0e1b36a4dc63db1d788cb7ec245c34aae741872d2bb6f0fd1be2dfd7bb6673efc65d4a0c0d33e5735439cfa45e555bdc02eef58c7281e76bedab56a679b53297d6f76ad70baed23dce1b62df20bc1b53d35da5197b437dbd7ee8e9abfffc15e8ffee7c74ebb17272457ad9d5e7b6fd0928d6f2e6ccab8b2a7ace8f3ba33757d6f0afd57b9f8ad5c353ab3f0c6e4f4fc619b03c7fddaffebc1bbf3fcfc1ed5296bfc66b067f40a4dd873797ce4a47d36b1fb4fad8808d4cf79ae7a914f0c60bb0c193e67418f84a071e73695b4bab838fe8fb99b7644952be69db874a664aab176d681da79bb89f2575f3c9bbc2e696d5cd082c1b26f6b8b25a11bbd1118bf615dfda0289b5ef16803ba31b83323be6f61117ff9ceaa03dc5f7c26059303a9e2067f859a501e57de7782f02ffdd207ec5bb06bc166355e940c238386f178a8cc0d3529732232918c372973bd3fadccfd097d3d59b4040a4fb08acac8a252b26896d1481c26593496ec6960c7c05b06fdabcb2cf857084033b952ac2d9068749c2cbd92ec6524c02083dbf2084f2c16830f3e81f7d487a17bead477300a404f477f3b4466fc8e0c87f06cea422cf3f18415f32e2517b8734e9ed567b65b6837b7d965c9ecf9bde78e3e51603f738f6c1887dde3458df617e5d877bb7adeb23d1cbe3b7acdb227f2f392dded4256940d918d9b397a4a5462ca59fbd95f9c70efebf1e4b3de5344c737bdcdbedac38ae3bff046f7362b4e6df1cc2bed7ae5b6f45064f7fc513e4f5c46af9ca91f3bed8f231d19519df64e76debe7c8d85fdc2baac57599c39e59d7a76ca1e209478d9c85503e7cdbd36f68fea194fa23a5f7c137e7c67c80355870dd737fad61dbff0c471e37cbfb279718edded1e5b4f3ae355c373bbf2707fc0cf83167f2bec6afba3edde1fd76fb8bef9b7f3ae25fd0403c278237dddbfacfcc3f7c5457637423e6f73daa42c957ad5567d4d2f0bcb957827bf1ec53d5de232ecaaabe29e5e9ef1a587da75b46055eef55e9d64cb6a8688d227d4784aba944da83df7e4c5e396150b7c2fffb4a2ecf8fd2112fed541565f4fec619967f98b65658e578b5d62f19687bfffd886b5ab967fc0d1effe4559e0bdb2671583e79ec5ce5444ed4c7b52b6c2a66f8cf3fc42afe398fffeca852b7a0af2da86fc7862e9d225a346b57b1533c76bedeb689fc2a78b5feccededab7eccadd9c7cf77b7742e717b8f57d7fa6ca272be7c6c6576fa6dcb52bbc230fdff886ac63c54eafadcd514a6675ff65516a7cc2eec2feed2af29bf1bc473de0db56f67cbdfae8f2217b2a4a16f61f991a1f23a8ee7d6861ee20dbc298ecb7054bf6ec542a471c12e95c1c4625fec42d666d228b59eb18384e16cdf9a70b57d3bf0eacbf39525eb40f261f3a886d985c7bd33b2f408afa9e1dd791349d75257dea17b2b820b5bd2d8d5c35fdf1a33345cd6bfd772a678efbeeaefb45526ab2c49e9b4a2697772af46bf2abbbc91f3e4da5a26361fb8feeec64e35f11118d6a33ab18c792a2a7af1cfbdd62f5405fcbf3dca1a2c0ed55fdac7a721d3d476dc88b4e1ebc3b34d829d4f9645246fb14cb73a259aeb7e62d6829d70e626fa8bac6f177eee01865fb5a3e7176b4e2c7d9d2bee7f74e66d5663de04ef8f5e2b787d7cfaa9bb6b2df97eafc35386bc7db1d5bbf3f78bbeeedfe89d8b99bdb1749979d083fa03830ecf5edd73fb81e2f0b53d475b67cfc207a62b3fce39eeffb87ff746540dbd45b074aac9bef5da998fff5f5d7d5feb2179f7dc65c17f36d3bfe28ef553b6eb4383a33e2f5a0367509b96efc6fdeae89719a1c9eb26dc4de1d2b791724cebbba0c986ec1e9e93173c8d269376fb94fba553aefa782673dee7a64173b8ec00fef48ed98b5dcc1abb663f2d9beec41de932b8a197ee078d2bede4796dc62862b186a864273fa3f7621def49d3693981c42ba9986a45dfd1d431c3037ce58709dd02f8ebb7043785cf81af8414446dc1e17be38d1efc0dd8e535d55a7aab33c177e57d0e89209c60a37dee54bc6a4fe4c8fb43e65fabbb663fbf807b9fb1f18f2e4dcd5c7f7bf585bbad0e7162fb3f95dfb2be74e4f8bef30a2e3b2da058543e7079ce83254d662cd6f57378e69a9bcc36f755c7fe1bdfa814d45efc58ffb8cfcb29368e062affb8caa006169a4f7a9fb2fedacc477530ac658178c29d3b80c2b970df2b3f0ca38b0f960c6a253f7c517f9b9d15bdf5e3c77fd6df1bbeb92b4633f5cdd5ce620df7762e49c474f7323bfbfb4afe097773f2fdf66b7846b91743d76dbf6efbd5286543c19777bf6c5693b36d915dd7559d4a3cb88ecaf8f0ee1ff727bf9e9f3cbaa6e9d3b6f3fda65c0d9deec53aaedbffa878fbbdbdba17aac55bfcbdd9eac4d8bdd3c39177fb071afffe39c1593b95d7f9f1689fd1f91e0da6e0d0a656e6473747265616d0d0a656e646f626a0d0a32302030206f626a0d0a3c3c2f547970652f4d657461646174612f537562747970652f584d4c2f4c656e67746820333037313e3e0d0a73747265616d0d0a3c3f787061636b657420626567696e3d22efbbbf222069643d2257354d304d7043656869487a7265537a4e54637a6b633964223f3e3c783a786d706d65746120786d6c6e733a783d2261646f62653a6e733a6d6574612f2220783a786d70746b3d22332e312d373031223e0a3c7264663a52444620786d6c6e733a7264663d22687474703a2f2f7777772e77332e6f72672f313939392f30322f32322d7264662d73796e7461782d6e7323223e0a3c7264663a4465736372697074696f6e207264663a61626f75743d22222020786d6c6e733a7064663d22687474703a2f2f6e732e61646f62652e636f6d2f7064662f312e332f223e0a3c7064663a50726f64756365723e4d6963726f736f6674c2ae20576f726420323031393c2f7064663a50726f64756365723e3c2f7264663a4465736372697074696f6e3e0a3c7264663a4465736372697074696f6e207264663a61626f75743d22222020786d6c6e733a64633d22687474703a2f2f7075726c2e6f72672f64632f656c656d656e74732f312e312f223e0a3c64633a63726561746f723e3c7264663a5365713e3c7264663a6c693e4a4f524745204252494345c3914f205349455252413c2f7264663a6c693e3c2f7264663a5365713e3c2f64633a63726561746f723e3c2f7264663a4465736372697074696f6e3e0a3c7264663a4465736372697074696f6e207264663a61626f75743d22222020786d6c6e733a786d703d22687474703a2f2f6e732e61646f62652e636f6d2f7861702f312e302f223e0a3c786d703a43726561746f72546f6f6c3e4d6963726f736f6674c2ae20576f726420323031393c2f786d703a43726561746f72546f6f6c3e3c786d703a437265617465446174653e323032332d30352d32395431313a34313a30342d30353a30303c2f786d703a437265617465446174653e3c786d703a4d6f64696679446174653e323032332d30352d32395431313a34313a30342d30353a30303c2f786d703a4d6f64696679446174653e3c2f7264663a4465736372697074696f6e3e0a3c7264663a4465736372697074696f6e207264663a61626f75743d22222020786d6c6e733a786d704d4d3d22687474703a2f2f6e732e61646f62652e636f6d2f7861702f312e302f6d6d2f223e0a3c786d704d4d3a446f63756d656e7449443e757569643a44413831424330302d444130382d344543382d413939392d3743313137374236343530463c2f786d704d4d3a446f63756d656e7449443e3c786d704d4d3a496e7374616e636549443e757569643a44413831424330302d444130382d344543382d413939392d3743313137374236343530463c2f786d704d4d3a496e7374616e636549443e3c2f7264663a4465736372697074696f6e3e0a202020202020202020202020202020202020202020202020202020202020202020202020202020202020202020202020202020202020202020202020202020202020202020202020202020202020202020202020202020202020202020202020202020200a202020202020202020202020202020202020202020202020202020202020202020202020202020202020202020202020202020202020202020202020202020202020202020202020202020202020202020202020202020202020202020202020202020200a202020202020202020202020202020202020202020202020202020202020202020202020202020202020202020202020202020202020202020202020202020202020202020202020202020202020202020202020202020202020202020202020202020200a202020202020202020202020202020202020202020202020202020202020202020202020202020202020202020202020202020202020202020202020202020202020202020202020202020202020202020202020202020202020202020202020202020200a202020202020202020202020202020202020202020202020202020202020202020202020202020202020202020202020202020202020202020202020202020202020202020202020202020202020202020202020202020202020202020202020202020200a202020202020202020202020202020202020202020202020202020202020202020202020202020202020202020202020202020202020202020202020202020202020202020202020202020202020202020202020202020202020202020202020202020200a202020202020202020202020202020202020202020202020202020202020202020202020202020202020202020202020202020202020202020202020202020202020202020202020202020202020202020202020202020202020202020202020202020200a202020202020202020202020202020202020202020202020202020202020202020202020202020202020202020202020202020202020202020202020202020202020202020202020202020202020202020202020202020202020202020202020202020200a202020202020202020202020202020202020202020202020202020202020202020202020202020202020202020202020202020202020202020202020202020202020202020202020202020202020202020202020202020202020202020202020202020200a202020202020202020202020202020202020202020202020202020202020202020202020202020202020202020202020202020202020202020202020202020202020202020202020202020202020202020202020202020202020202020202020202020200a202020202020202020202020202020202020202020202020202020202020202020202020202020202020202020202020202020202020202020202020202020202020202020202020202020202020202020202020202020202020202020202020202020200a202020202020202020202020202020202020202020202020202020202020202020202020202020202020202020202020202020202020202020202020202020202020202020202020202020202020202020202020202020202020202020202020202020200a202020202020202020202020202020202020202020202020202020202020202020202020202020202020202020202020202020202020202020202020202020202020202020202020202020202020202020202020202020202020202020202020202020200a202020202020202020202020202020202020202020202020202020202020202020202020202020202020202020202020202020202020202020202020202020202020202020202020202020202020202020202020202020202020202020202020202020200a202020202020202020202020202020202020202020202020202020202020202020202020202020202020202020202020202020202020202020202020202020202020202020202020202020202020202020202020202020202020202020202020202020200a202020202020202020202020202020202020202020202020202020202020202020202020202020202020202020202020202020202020202020202020202020202020202020202020202020202020202020202020202020202020202020202020202020200a202020202020202020202020202020202020202020202020202020202020202020202020202020202020202020202020202020202020202020202020202020202020202020202020202020202020202020202020202020202020202020202020202020200a202020202020202020202020202020202020202020202020202020202020202020202020202020202020202020202020202020202020202020202020202020202020202020202020202020202020202020202020202020202020202020202020202020200a202020202020202020202020202020202020202020202020202020202020202020202020202020202020202020202020202020202020202020202020202020202020202020202020202020202020202020202020202020202020202020202020202020200a202020202020202020202020202020202020202020202020202020202020202020202020202020202020202020202020202020202020202020202020202020202020202020202020202020202020202020202020202020202020202020202020202020200a3c2f7264663a5244463e3c2f783a786d706d6574613e3c3f787061636b657420656e643d2277223f3e0d0a656e6473747265616d0d0a656e646f626a0d0a32312030206f626a0d0a3c3c2f446973706c6179446f635469746c6520747275653e3e0d0a656e646f626a0d0a32322030206f626a0d0a3c3c2f547970652f585265662f53697a652032322f575b2031203420325d202f526f6f742031203020522f496e666f2039203020522f49445b3c30304243383144413038444143383445413939393743313137374236343530463e3c30304243383144413038444143383445413939393743313137374236343530463e5d202f46696c7465722f466c6174654465636f64652f4c656e6774682038353e3e0d0a73747265616d0d0a789c63600082ffff1981a4200303885a06a1ee8129c667608a690b98628e06532c5e10aa1e4201e598c0da9920143384628150ac108a11424155b201f5b16e066b67b7875051602ab8084cc51f61600000c65d0b070d0a656e6473747265616d0d0a656e646f626a0d0a787265660d0a302032330d0a3030303030303030313020363535333520660d0a30303030303030303137203030303030206e0d0a30303030303030313636203030303030206e0d0a30303030303030323232203030303030206e0d0a30303030303030343836203030303030206e0d0a30303030303030363932203030303030206e0d0a30303030303030383539203030303030206e0d0a30303030303031303938203030303030206e0d0a30303030303031313531203030303030206e0d0a30303030303031323034203030303030206e0d0a3030303030303030313120363535333520660d0a3030303030303030313220363535333520660d0a3030303030303030313320363535333520660d0a3030303030303030313420363535333520660d0a3030303030303030313520363535333520660d0a3030303030303030313620363535333520660d0a3030303030303030313720363535333520660d0a3030303030303030303020363535333520660d0a30303030303031383535203030303030206e0d0a30303030303031383832203030303030206e0d0a30303030303231333632203030303030206e0d0a30303030303234353136203030303030206e0d0a30303030303234353631203030303030206e0d0a747261696c65720d0a3c3c2f53697a652032332f526f6f742031203020522f496e666f2039203020522f49445b3c30304243383144413038444143383445413939393743313137374236343530463e3c30304243383144413038444143383445413939393743313137374236343530463e5d203e3e0d0a7374617274787265660d0a32343834350d0a2525454f460d0a787265660d0a3020300d0a747261696c65720d0a3c3c2f53697a652032332f526f6f742031203020522f496e666f2039203020522f49445b3c30304243383144413038444143383445413939393743313137374236343530463e3c30304243383144413038444143383445413939393743313137374236343530463e5d202f507265762032343834352f5852656653746d2032343536313e3e0d0a7374617274787265660d0a32353436310d0a2525454f46, NULL, 'APROBADO', 'ENE-JUN 2023', 11, 5, NULL),
	(2, _binary 0x255044462d312e370d0a25b5b5b5b50d0a312030206f626a0d0a3c3c2f547970652f436174616c6f672f50616765732032203020522f4c616e672865732d4d5829202f53747275637454726565526f6f74203130203020522f4d61726b496e666f3c3c2f4d61726b656420747275653e3e2f4d65746164617461203230203020522f566965776572507265666572656e636573203231203020523e3e0d0a656e646f626a0d0a322030206f626a0d0a3c3c2f547970652f50616765732f436f756e7420312f4b6964735b2033203020525d203e3e0d0a656e646f626a0d0a332030206f626a0d0a3c3c2f547970652f506167652f506172656e742032203020522f5265736f75726365733c3c2f466f6e743c3c2f46312035203020523e3e2f4578744753746174653c3c2f4753372037203020522f4753382038203020523e3e2f50726f635365745b2f5044462f546578742f496d616765422f496d616765432f496d616765495d203e3e2f4d65646961426f785b2030203020363132203739325d202f436f6e74656e74732034203020522f47726f75703c3c2f547970652f47726f75702f532f5472616e73706172656e63792f43532f4465766963655247423e3e2f546162732f532f537472756374506172656e747320303e3e0d0a656e646f626a0d0a342030206f626a0d0a3c3c2f46696c7465722f466c6174654465636f64652f4c656e677468203133323e3e0d0a73747265616d0d0a789c2d8cb10ac2401044fb85fd8729d5e26e37a8974048914b0c0a01c5030b4919532968fe1fb28a530ccccc63e0cf284bdfc76303a92ad44dc49b499c7c556806c1de3c14193e23d36d8317539d98fc41a1ea648bf46052e3048a7ce7d4aaa0e2822d4fe3ba6bc034db27a65fcaffa963baafb01e904e4cad3d5e98d0f6110b774c1ca70d0a656e6473747265616d0d0a656e646f626a0d0a352030206f626a0d0a3c3c2f547970652f466f6e742f537562747970652f54727565547970652f4e616d652f46312f42617365466f6e742f4243444545452b43616c696272692f456e636f64696e672f57696e416e7369456e636f64696e672f466f6e7444657363726970746f722036203020522f4669727374436861722033322f4c617374436861722033322f576964746873203138203020523e3e0d0a656e646f626a0d0a362030206f626a0d0a3c3c2f547970652f466f6e7444657363726970746f722f466f6e744e616d652f4243444545452b43616c696272692f466c6167732033322f4974616c6963416e676c6520302f417363656e74203735302f44657363656e74202d3235302f436170486569676874203735302f4176675769647468203532312f4d6178576964746820313734332f466f6e74576569676874203430302f58486569676874203235302f5374656d562035322f466f6e7442426f785b202d353033202d3235302031323430203735305d202f466f6e7446696c6532203139203020523e3e0d0a656e646f626a0d0a372030206f626a0d0a3c3c2f547970652f4578744753746174652f424d2f4e6f726d616c2f636120313e3e0d0a656e646f626a0d0a382030206f626a0d0a3c3c2f547970652f4578744753746174652f424d2f4e6f726d616c2f434120313e3e0d0a656e646f626a0d0a392030206f626a0d0a3c3c2f417574686f7228feff004a004f00520047004500200042005200490043004500d1004f002000530049004500520052004129202f43726561746f7228feff004d006900630072006f0073006f0066007400ae00200057006f007200640020003200300031003929202f4372656174696f6e4461746528443a32303233303532393131343130342d30352730302729202f4d6f644461746528443a32303233303532393131343130342d30352730302729202f50726f647563657228feff004d006900630072006f0073006f0066007400ae00200057006f007200640020003200300031003929203e3e0d0a656e646f626a0d0a31372030206f626a0d0a3c3c2f547970652f4f626a53746d2f4e20372f46697273742034362f46696c7465722f466c6174654465636f64652f4c656e677468203239363e3e0d0a73747265616d0d0a789c6d51d16ac230147d17fc87fb07b7b1ad6320c298ca86584a2beca1f810eb5d0db689a429e8df2f77edb0035fc23937e79c9c242286004404b100e1411083f0e8750e6206513803114214fbe11ca29700160b4c591d408639a6b8bf5f097367bbd2ad6b6a705b4070004c2b0859b35c4e27bd25182c2b53760d69f7cc29b84a7680c13552ec2d51668cc3ccd4b49357eec879a9b43e8b77b92e4f3826ea6346bb09dddc96ee2086e88dcfd2c61126bcacf5e941f65e7a3437cca974f841f244b6c7ecf9c39fba569af2b3e4863c78d33e413a65f4c0ad53dfd2835ff665ece568cce5717b9eb46722c7251dee6469cd88bf9ffd3ae22b256b538d0679ad4e34d2f6e778596565831b55759686bb265dd316fcc7f37faf9bc886daa2a78fa79f4e7e00540aa2bb0d0a656e6473747265616d0d0a656e646f626a0d0a31382030206f626a0d0a5b203232365d200d0a656e646f626a0d0a31392030206f626a0d0a3c3c2f46696c7465722f466c6174654465636f64652f4c656e6774682031393338392f4c656e677468312038313734303e3e0d0a73747265616d0d0a789cec7d077c5455dafe39f74ecbcc2433936492492661669824048614208104900ca4d03b83093521858001028422024651d028f65ed1b5ad5826036ac0ee62590bf6be16765d5757b1edea2a02f99e73df3910d8d5ffb7d5f5fbcf9b3cf33ce73de59efade931fc90fc61963767ce8586de5a88a1905fd6cb733ee99c0187fa272d484f2ab9aabe219cfcc604c299c3cbd60e0b58fd6dd83bcb350abb67e495deb45ef5e84b2275d82fc0fea57b77977b5be51ccd8b60b18d33fd0d4ba70c9c677d5218c2d5dcb587c6061cbc94daf56ee2862ec16d4b17dd0dc58d7f0edc493c368cf8af60637c3117f67c67ea42b90ce6a5ed2b676c438e301a43f626cd11d2dcbeaebf21afadeccd8bd85283e7349dddad67c73f69bc86f4679ef92c6b6baab4edfb69a715f32d2672cad5bd278dd81afe733f629fa5bb8b275d9cab66e37dbcc78c64151be7545636bd2c2de698c9d72131ef70913736118ba6ff6e2351fcfb70dff9aa59998b0fb3f59fface0d7c7ae99fcfd8143ed719f9a062319c71446867a067698f13de66ddf1f38b02dee53ada51e967687f0b8fbb1766667c3a1157001dbc258e260edb99ca9ba00bf80e999497fa57e109aec45acbec0362bccc4149b5e51149daae83e60f9dd8fb0ac53b41ec0264ef77a5990b1ec67a90fc6eb941c2fe3dd224fbd4f9f2046ca927509477bc39f67ffdf9be17576c74fdd87ff2ba66b6437fcd47df87bcc60f8f7f457ddfff39a877f87e98a58ed4fdd8798fdf3a63ccdaefca9fbf07330e5f76ccc3f528f7fc35afed57d8959cc6216b398fde3a65ccdcd3f9857cbf6ff27fbf27331b5989df353f72166318b59cc62f68f9bee51d6f41f7fe61276de7ffa99318b59cc6216b398c52c66318b59cc6216b3ffbb16fb393366318b59cc6216b398c52c66318b59cc6216b398c5ecbfdb78ecb7d16316b398c52c66318b59cc6216b398c52c66318b59cc6216b398c52c66318b59cc6216b398c52c66318b59cc6216b398c52c66318b59cc6216b398c52c66318b59ccfe4bac7bf74fdd8398c5ec2736358a8ce8ff24d5811494b29ae9d852a453981d1e03543cebcd26b206b6826dcb2cf5c6653fdbadfdcf4ff07bffcacfbbbfc6f9fa0bbb97a777d77fb2657f9ff74e88b69ff8d73d50c7a9973303ff544b7d79fcff68a5fd1f56f4ff5f29ecc78df768efdf61157f4f619efe2379e7feb35df90f9bfa2f6ded3fbab382b3369fd9b672c5f2d6654b97b49cb47851f3c2a6c68605f3e7cd9d337b564d7568c6f46953a74c9e3471c2f87163c78caeaaac281f35325836e284e1c38696960c195c5c909fd73f37273bcbdfdbe34a76d86df116739cc968d0eb5485b3fe95feaa5a6f38a736accbf18f199327d2fe3a38ea7a386ac35eb8aa8e2d13f6d66ac5bcc7960ca264d3712583543278a424b77b87b3e179fdbd957e6ff8b90abfb78bcf9a5a0dbdb5c25fe30defd7f4444deb72b4443c123e1f6a782b5dcd15de30aff55686ab56377754d656a0bd4e8bb9dc5fde68ceebcf3acd16480b5438d7dfdac97347704d28b995433b15668a178f0dabd995750de12953ab2b2bdc3e5f8de663e55a5b614379d8a8b5e55d24facccef176f67fa4e3dc2e3b5b501bb036f81beae65487d53a54ea502b3b3ab6841d81705f7f45b8efba0f5c187263b8bfbfa2321cf0a3b1f1d38e3c8087f5d976bfb7e36b86cefbf77f7aaca72eea3164dbbf66428a211e9926e44bcdd037f410e3f3f9445fcee90ab2054884dba75653dacb16b8232c5810a8092bb522e71199e30c899c769973a47aaddf2796aab236fabdbad9156e5fe0cdeb8fd9d7beb3f18d7c6f58cda95d50df2cb8aeb1c35f5141f336a33a1cac8008d645c75ad9595880f275b518c422310d53abc305fed670b27f141580c32bd660d1f46aad4ab45a38b93ccc6aeba3b5c2059515a25fdeca8eda0aeaa068cb3fb57a171bd4fd7e6791d7bd63102b6235a21fe194722c4a4e6547754353d853eb6ec0fe6cf256bb7de1600da6afc65fdd582356c96f0ff77d1f8ff3694fd46a616cc7959685c5c88dd9266fb5e2566bc46ac1e1adc2877fd47064d8b15c5a52ace8a8e1de6aee66b2189e122d21d431ed20a166978f1159aaa85a3ec6edabf191fd4897dcd13ee9b3c3a61e6dd9e138d2277ace0f768d4a8b0ef5f5563656f4e8e0318deaa31d8cb6f6b7fba988b9883e18354c6239c7c82c351b27173e05cd682eb18a2e6f984df156fb1bfd357eeca1e0946a313631d7dafa8e9fee1f3f7556b5b6dad15d32e39814e597502acc7cc89609a51c7bb02ae096cbaaa5476be923c931c7658f95d97ed1af8e8e864ea6668badeceee49ad0979f53139e1ca8f1871704fc3ed1cfbcfe9d2666f5cda82dc759ad42b8f357d5f9bd766f55475d5777fb828ece60b0a3b5b2b67928ce45877f6c43877f7af570b7d6f969d51bdcebc4b313d9783e7ec62834a5b0519d7e7ed6d4ce203f6bfaacea5d76c6bc67cda88e285c29af1d55d39985bcea5d5ec6829a57115ee11409af488896a62161d2cabb7705196bd772759a434bd77771a6f94cd2c7597d97423e3b3d28477b5010b793fa2e1de50465691d7c26f2b553e9dc68691372ec22673753c47d4b6492753231c141b33e680ac605ad4abc822915ae083cbb51368eb31d561ecfdd9d68739ae6eee2ed9d7141f72eada569d192ed28297ced477ce8b928d6a3213c8f061e3a3a82d0acea1d5686f6b54f9418250cbbd0d58c3d84f749a5b741ecbff535cd1db535227ab014ec557cf330f78f6061c53f023d3658c3667fe3a8b0c53f4af8cb84bf8cfc06e13762e7f3148ec51641b7a3d68f408c1353cddc9cce9a2a9af4767577cfa8f63de7de5fe3c3599a03ccaa0ec705f072d3678f43b9d102b5708f0eb7d7d7897eb050b5a86bcc1e5b5f8373291b4491b1e138b410176d0125aab43ae2bca1523df65a9d5f93702374b4d7846b02e2a1d58b6ab4f36a0fb331fea161430eb5a9cf110f2aa8e948f40fd4820fceba397b8ba038f48d4daf268f1b493cac8626c96845cfebfdc8aaaff5d21e998eb34c2f0bb39b3c8d88f9ba9c460d667734938961a9d9967873382e1f0de25b684bbe8839fa6c634d0d755e4b6d8916c0b3ed610b7a94d3632aa315303bc81a2bfa82ef2de8aa28faa868666a179be65f8bd0293aadb5644476383e7b6c1dde6e54df028fbf44563689206889b6b187bc4631722be61d21a1abfb56ffc9be1e86d821de7e62ff31f72e1c5456d371bc233c3b90d7df74bc375e73777498e2ff76059a2f53fc11d69c4a76bd782b80c586d3f69bb752bc2afde33a9549018db9c61de3fc788328d902b8e8a8383e3e6f438d28852e4fd162d90f16e23d0a89d7b4d678877d984cf1688a16b323bcf0d864f3916495002e83d9f97487c05044acc55e59ec0eb76067ca226245bc1d5ebb7fa85f7c6895470bd462918e1c0b6c7fec3a7168daebbdd50bb0d9d160556d475587b8a2d6d745a72dfaa4f0d2c0314de25c706c1e342486136e9fe2adadf1d6e26acaa756fb7c6e9c46b0b709f7547f9d78154ca1f14c99a55d55ea3ac41667b8a9d4b8c346bc989aea1afd3ebc41c22202d1ec8b3eeaa2c786b93b3afc1d61eddc56a1309acfc1b11b2b08dfad017f5da3b84237891b74a356b70addd56647b4e6aef4e32c37c2adcd25260ea16f81f8a8ef1017f4b9b501cc84a323b1c35bda81103c176f0f5d4efdcc5abcaac41bc9ab2d759d1b294cc25891aa414354302e5b14a423207ab324d039d7987dd4a37d2f0b506193d62a7a36ad3a3c4516d1ce9310cb036125b5049962f07cdaac6a19a754913d16d31bc4ae728bdadeb032a33aba3c5afdb1a2aa5b2e185583477b8744cfd791b78d7c0fcd71634e7fd08f97833a72baf294f2042b611ee5c928bfc34a94b758487913fc3af88d28bf067e15fc0af865f04be017c10f831f023f087e8085984e799b15013300f5886a006e025e01f4ec24b4c49905f5394b561e63154003d0065c02e851f621e4dd841639f32a67ec8c73f17158d04d529c2ec56952b44b71aa141ba5d820c57a294e91629d14274bb1568a3552ac966295146d52ac9462b914ad522c9362a9144ba46891e22429164bb1488a6629164ad12445a3140d52d44bb1408a3a296aa5982fc53c29e64a31478ad952cc92a2468a6a294e9462a61421296648315d8a69524c95628a1493a59824c544292648315e8a71528c95628c14a3a5a892a2528a0a29caa51825c548298252944931428a13a4182ec53029864a512a45891443a4182c45b11445520c9262a01403a42894a2408a7c29f2a4e82f45408a7e52f49522578a3e52e448912d4596147e297a4be193c22b85478a5e52644a9121855b8a7429d2a47049912a458a144e2992a5489222510a871476296c522448112f85550a8b146629e2a430496194c220855e0a9d14aa148a145c0a1615bc5b8ac3521c92e2a014df4b71408aefa4f8568abf48f18d145f4bf16729fe24c557527c29c517527c2ec56752ec97e253293e91e28f527c2cc54752fc418a0fa5f8bd141f48f13b297e2bc53e29de97e23d29de95e21d297e23c5db52bc25c59b52bc21c5eb52bc26c5ab52bc22c5cb52bc24c58b52bc20c5f352ec95e239299e95e219299e96e2d7523c25c593523c21c5e352ec91e257523c26c5a3523c22c5c3523c24c583523c20c5fd52ec966297145d52dc27c5bd52dc23c54e2976481191a2538ab014774b719714774a718714dba5b85d8a5f4a719b14b74a718b14374b719314bf90e246296e90629b14d74b719d14d74a718d14574b719514574a718514974b719914974a718914174b719114174a718114e74b719e145ba538578a73a4e890e26c29ce92628b149ba538530a79ede1f2dac3e5b587cb6b0f97d71e2eaf3d5c5e7bb8bcf67079ede1f2dac3e5b587cb6b0f97d71e2eaf3d5c5e7bb8bcf67079ede1f2dac3574821ef3f5cde7fb8bcff7079ffe1f2fec3e5fd87cbfb0f97f71f2eef3f5cde7fb8bcff7079ffe1f2fec3e5fd87cbfb0f97f71f2eef3f5cde7fb8bcff7079ffe1f2fec3e5fd87cbfb0f97f71f2eef3f5cde7fb8bcff7079ffe1f2fec3e5fd87cbfb0f97f71f2eaf3d5c5e7bb8bcf67079dbe1f2b6c3e56d87cbdb0e97b71d2e6f3b5cde76b8bced7079dbe1e53b84e852ce88f41ae1c19d39d2cb093a9d52a7457a0d05b553ea54a28d915e56d0064aad273a85681dd1c991cc91a0b591cc72d01aa2d544ab28af8d522b8956907379247314a8956819d1522ab284a885e8a44846256831d122a266a285444d918c0a5023a51a88ea891610d511d512cd279a47f5e6526a0ed16ca259443544d5442712cd240a11cd209a4e348d682ad114a2c944938826124d201a4f342ee21e0b1a4b3426e21e071a4d5415718f075546dc13401544e544a3286f24d50b129551bd114427100da792c3888652f552a212a2214483898aa9b122a241d4ca40a2014485d45801513ed5cb23ea4f1420ea47d4972897a80f359d43944d6d6611f9897a53d33e222fd5f310f522ca24ca207213a547d22781d2885c91f4c9a054a214723a8992c999449448e4a03c3b918d9c0944f14456cab3109989e228cf4464243244d2a680f491b4a9201d914a4e85529c8869c4bb890e6b45f8214a1d24fa9ee800e57d47a96f89fe42f40dd1d711d70cd09f23aee9a03f51ea2ba22f89bea0bccf29f519d17ea24f29ef13a23f92f363a28f88fe40f42115f93da53ea0d4ef28f55ba27d44ef53de7b44ef92f31da2df10bd4df416157993526f10bd1e493d11f45a247526e855a257c8f932d14b442f12bd40459e27da4bcee7889e257a86e8692af26ba2a7c8f924d113448f13ed21fa15957c8c528f123d42f430e53d44f420391f20ba9f6837d12ea22e2a791fa5ee25ba876827d18e484a19281249990dea240a13dd4d7417d19d4477106d27ba3d928278cd7f49addc46742be5dd427433d14d44bf20ba91e806a26d44d75363d7512bd7125d437957135d457425d11554e1724a5d467429d125947731b57211d185947701d1f944e7116d253a974a9e43a90ea2b389ce22da42b439e2ac039d19712e009d41b429e26c029d4e745ac41902b5479c08c6fcd48873306823d106aabe9eea9d42b42ee26c009d4cd5d712ad215a4db48aa88d682535bd82aa2f276a8d38eb41cba8b1a5547209510bd149448b891651bd66a285d4b326aade48d44025eb891610d511d512cd279a47839e4b3d9b43349b063d8b9aaea10755139d48dd9d490f0a512b3388a6134d239a1a490e82a64492c513264792c5f69e1449de049a1849ce034da022e389c64592712fe063293586683439ab22c91b419591e42da08a48f2a9a0f248723b685424b10a34922848544634229288f73b3f8152c3238e1ad030a2a11187d81aa5442511c768d09088a31a3438e298052aa6bc22a24111477fd0402a3920e210032b8c38c4d92c20caa7ea79f484fe44016aac1f515f6a2c97a80f510e5176c42166298bc84f6df6a6367dd498975af110f5a27a994419446ea274a2b4887d2ec815b1cf03a546ecf34129444ea264a224a244aae0a00a7672da881288e289ac54d24225cde48c23321119890c54524f2575e4548914224ec482ddb6051e81c3b67acf215b83e720f4f7c001e03bf8be85ef2fc037c0d7c09fe1ff13f015f2be44fa0be073e033603ffc9f029f20ef8f487f0c7c04fc01f83061a1e7f709cd9e0f80df01bf05f6c1f73ef83de05de01da47f037e1b780b78137823fe24cfebf1033caf815f8d6ff1bc129fe379197809fac5f880e705e079602ff29f83efd9f8259e67a09f86fe35f453f18b3d4fc62ff23c11dfec793c7ea1670feafe0aed3d063c0a04bb1fc1e7c3c043c083d6e59e07ac2b3cf75b577a765bdb3cbb802ee03ef8ef05ee41de4ee4ed802f02740261e06ecbc99ebb2ceb3c775ad67beeb06cf06cb76cf4dc0efc12b80db815b805b8d992e7b909fc0be046d4b901bccd7292e77ae8eba0af05ae81be1a6d5d85b6ae445b57c0773970197029700970317011ea5d88f62e304ff29c6f9eec39cfbcd0b3d57cb3e75cf3ad9e33d56ccf196a8967132ff19c1e6a0f9db6bd3d746a684368e3f60d21cb066ed9e0de307ec3291bb66f787b4330d1605e1f5a173a65fbbad0c9a135a1b5dbd784762b9b59937266707868f5f65521ddaae4556dabd43fafe2db57f18a55bc701557d82afb2aef2ad5da165a115ab97d4588ad98b2a27d4578856e5878c5fb2b14b6829bbbba1fd9b1c2ddab0a1c5cbf22de5eb53cb42cd4ba7d596869d392d062747051c9c250f3f685a1a6928650e3f686507dc982505d496d687ec9dcd0bced7343734a6685666f9f15aa29a90e9d88f2334b668442db6784a6974c0d4ddb3e3534b964526812fc134bc687266c1f1f1a5732263476fb98d0e892aa502506cf32ec19de0cd52e3a3029033d616e3eaad01d74bfeffec2ad63eeb0fb11b79a684bf7a42b7d6d69bc7c721a5f96766adaf969aacdf5bc4b09bafaf6afb2a53e9ffa5eeae7a9baa4606adffc2a96624ff1a6a84e31b6948933aa342eab201e50ac8dd593e2cfa9b239b9cde9712a959f3bf966a6722fe78cdb41aa09657672a7a74a7d908b5fa2d333ce2f603302e3bb4c6cdaf8b069caec303f2b9c3d5d7c06a7ce0a1bce0ab3d0acd9d59d9c9f57a3fd4e423859fc5289963e73eb5696396a7c38737a7544ddb62d7354cdf870bbd0c1a0a6bb856628521398b772d5ca4075f004e678dff18543753e6c7fdeaed86cdc66ebb629411b3a6f4bf02428e2a33b410d260c1852658bf7c42be2a33b5e4d09c6c323c6d7c73a654695cde2b128a132cb648b12b4949557052d7985557f35ce1d629cf4e440db3c7ccc5bd916d0be91aae1ab443220bce27b651bd2e26b959666811f352a069abf12d6269d6d3f5eebbfddf84fdd819fbfd16ff28cec56ce600dca26e074e034a01d3815d8086c00d603a700eb809381b5c01a6035b00a68035602cb81566019b0145802b40027018b81454033b01068021a8106a01e5800d401b5c07c601e30179803cc0666013540357022301308013380e9c034602a3005980c4c0226021380f1c038602c3006180d5401954005500e8c02460241a00c18019c000c078601438152a00418020c068a8122601030101800140205403e9007f40702403fa02f900bf40172806c200bf003bd011fe0053c402f2013c800dc403a9006b8805420057002c94012900838003b6003128078c00a58003310079800236000f4806e64373e55400138c05803878f1f060e010781ef8103c077c0b7c05f806f80af813f037f02be02be04be003e073e03f6039f029f007f043e063e02fe007c08fc1ef800f81df05b601ff03ef01ef02ef00ef01be06de02de04de00de075e035e055e015e065e025e045e005e079602ff01cf02cf00cf034f06be029e049e009e071600ff02be031e051e011e061e021e041e001e07e6037b00be802ee03ee05ee0176023b8008d0098481bb81bb803b813b80edc0edc02f81db805b815b809b819b805f0037023700db80eb81eb806b816b80ab81ab802b812b80cb81cb804b814b808b818b800b810b80f381f380adc0b9c039400770367016b005d80c9cc91a46b6739c7f8ef3cf71fe39ce3fc7f9e738ff1ce79fe3fc739c7f8ef3cf71fe39ce3fc7f9e738ff1ce79fe3fc739c7f8ef3cf570088011c3180230670c4008e18c01103386200470ce088011c3180230670c4008e18c01103386200470ce088011c3180230670c4008e18c01103386200470ce088011c3180230670c4008e18c01103386200470ce038ff1ce79fe3fc739c7d8eb3cf71f639ce3ec7d9e738fb1c679fe3ec739c7d8eb3ff53c7e19fb9d5fcd41df8991b5bb9b2c7c54c986bfe3cc698f13ac60e5f7ccc5f8c4c618bd94ad68eafcd6c2bbb983dccde660bd826a82bd936760bfb250bb347d9afd9ebffec9fc0f4b4c327eb9730ab7a1f33b024c6ba0f74ef3f7c0bd0a54fe8e1b918a9249df7a8a7dbdefdd971becf0e5fdc6d3fdc65486466ad6ebcf212bc7fe287ba0fe0958b74f7609156b640dbb41a5f1aaf3b7cf7e15b8f9b83a96c169bcde6b0b9ac96d561fc0dac992dc2cc9cc45ad812b6544b2d45de427c3621351fa5105e347db4d432d60aac606d6c155b8daf56e895d194c85baea557b135f85acb4e66ebd8296c3ddb10fd5ca379d623679d965e0b6c64a762654e63a76b4a327936b133d89958b52dec2c76f68fa6ce3ea23ad839ec5cacf379ecfc1fd45b8f495d80af0bd945d80f97b04bd965ec0aec8babd935c7792fd7fc57b1ebd8f5d83322ef5278aed794c87d803dc1ee6177b1bbd9bdda5cd663d66846e4bc346973d88a39588f116eead1639abf3547666b23c62ec6d6111de95af84fef516375741e45c94d2849add03a8856361c371317600ca48f8e8852976ae33feaed392b3fe695f3714d8f99b95a4b0975bcf787f465ec5a9cc01bf0296655a81ba1495dafe99efeeb8e94dda6a57fc16e6237632d6ed59464f2dc027d2bbb0d67fb76b69ddd81afa3baa722be8bdda9ad5c9875b208dbc1766225ef65f7b12ecdff63797fcbbf23ea8f1cf1ec62bbd9fdd8210fb14710691ec397f43c08dfc351ef1ecd47e9c7d8af9016a528f5047b1211ea69f60c7b963dcf1e476aaff6f914522fb097d8cbec751e0ff522fb189f87d80bfa0f58021b891fff77639eaf61f3d8bc7f65743bdef4e9ccc9b6757fdbbda6fb5b750c6be2337081bc03abb4939d8b9fd8971e2dc93dccacfb2d4b663bbbbf51e780730fbda56f3e7c63f7e74c8fa8b9527d09514e654656ca26b249ecf2f09981ea07583c6e29296c28bfe71e67458529cff8106e200af3e20e63629c97076d3a25febef4f432ff7dc586adaa636c17cfdb5966dc8adb79d9a1770fed2d38f4eefec4d282fdbce09d7defeeb37fb9d7515a3068df2bfb0614ba83c9e9f1f7b5a06ab1ffbe9662d5b0b545759489fac1b896b2a062dcda82465c6581f4bd81bd0581bd013413281c50c31d3e8786e404c5684c36f87be72bc57d72060f1a347084525c94e3ef9da068bea2c14346a88306f652d464e919a18834575f3a384b9d7cc8a06cf497cd1ca4ef956e4b8e37e8950c5762def06cfbf4d9d9c3f3338daad1a0ea4dc6dc21a37a8f6fa9ecfd96d191e94cc94c34991233539c990ee3a1b7f50907bed2277c5fae6bf9fe12d5306c4e59967a85d9a4e80c86ae5eaeb47ec37c6367da92ec3a4b92dd916232263aacb915730e6d76668836329c4e6aebd044c6d91ddd070c01ccfe70f69a98f5a0bd7644eb0825beb030b5a0c09cef72a577757fb4c3ce2782bfd8618b72bcc6dfecb06afcd10e8b60c511ec9535c06a35bb50dc6cb7890f14349b51caec4211f36efcd8c5ba1f09a621c1b2064fb5b852e30b5c03f20d9edca99e5062481f6265b0c4d452c7a0325ef04a609ff68e1fe818643fa21ca527140c1ae41834a0702e96f16fb6e13ada08162d5b2e81c3cf1354a1fa70bfe388b348ac5e2f25950fe25832219d868029d99396ea4b32298707a9166766b2b357b245393c9a9b92bd692e6f92b1bfbbd95b98e58ae36bf47cb325dd9393b6c4e64eb2a69bac46bdde6835e9167e7f89d16c547546b3014b74e511ff2dfdb2ace9b9ee8327aab7f4ea9766894bca74624bdfc0987a106fff44e6612368ef27e12768c6d295e4605c9cebbb8406f777fa85ac6c7f197673740b5b135cdfb52434e8dddfb5200b9bb54cdba26260fede39dac07c188db1281f0e87d8a1eac1b11d4f6dfd3e392b2b993b3a1edd5411ce0d6d69b9f082a6cd35fd15cfb9cf6e1e99e9536ff265569ef1f0c669e72e1c7af0b3018d978bbfc5bea1fb80be11fd2b618b45ef76f677e6f57175f1ee605ceff802735e5eef22b3483958efe286bc148b9a99d390d96c6fd637cbe5148bb96f6022962eb1b4d4be6fa0a3b4540cc1767c71b972c7af9bc1f0ff5cb714a7bed198e44d4df3261a95c3e7e8fcb9d8ed71eae12b1563a2372dcd9368cc71b578fafbb0687d757ca035cdd737a3292d2bd56831ea74f850d71c3cc36a550d710675fdc1b38f789feced150b76a84879aa57bf748bb7b7f8db75cc877a0de663100bb2063123bb985971ee1c600f388ac4af68e40c737461e56c1901c787c386a5967ee36d488dce8616914ab188035fd987b9784d5bcac4c030c7872d28e92dfda6255a564c8516774a7bcc459f3ef9aaffd849106bec14f1a8979a9a9a92a2f658ee6b4cceec0cb7cf695667dab20a47162dd4b6af2fd984f54faf3d73766166f18401eebc6c9fbdc66cfcd459383e78e97923260d4c4b326212d4b804cb57fd2a0ad20f4f3e3219cff83273aa168e2c9a5939d06ef11506733f4e4f53def50f0fa41dbe2bad40fcd5596df77ef51adc817310c91fd0e289a76c18b7b84b4524281591a0d46e171f880ea5222694decfbfc3462fe87e5f04958268b02988061b8dad51bf45b0620e9a937c5596d23e6e5d423ff1cf51ae71455d5cb72361a27e0226182784f61b058c57a271a3540b176659d1256aee6c718d4b107577b6689531e33843c7efbe62da7b14c053521dd140ee5473b470ef4ceea588c91ea25e637464248b083bfacad9f5e79e983b70c185f3276f0a1a933d2eecc9b85bca375494550f497316cd1ce93b2158d5270d4101d36a35ad993873e2a6ce056df79f31bab25cb118e345ac88371eaa9c7ee2f005eb8315a7379e90d8af7c00cee195b8fddfaa3e8d7db7593b87adc53cc7168dc3b6e81481bfd869b3f309b668a0b675f16f83892c9884981b74e0c30b274bc789cd0ec605c6e5d89cdeb14e3175d88e22bcecc17c69b3a6cd5967402b686e395ad245458f441bcc8e9809638f6d199d23a7f6123428b72a863893293533cb9956583cd46f4aa4286a48cc484dc9b41bb3470e2dcd8cf765655a752a5717a4f472c4c5c59992f3270c391436594c3a1d3ed4334c96386c4a8b69d3e08a3e36d56436c725b8b1e3c6288f2beb0c0e96c58ad92c312b91b8b4e2fb793536551e3f3b68777896a4c5a9b9e194e503afb6b6a92ba37ba454db23084a5a204ad20aa5e4865b52965b075edda2158cee87526d3ff0e8dbfe7fb51d060f51d6a5f91c29364341ddf051b34bd3bd23e7970d98966bb4a52727a7db0d67e58ececd2af2d8acbd06e6648dcd573eb0c6eb107846160c2898bc6878d5cac9819c1c9eaf37e9545567d21f9e9e9fef2d2af7675515fb02c5221eb728cff017f56e96c7aac48877f44e6758e51383d674f39e3ecb7bdb9cbd5a9d2b8faee8977b12b551c6f731ef69399affbf58c7c122aed22aeaf88b8acea837596c4e872dc3eb4fd1db6930697e7faaab5f8e3f29c19762d471dd4b0e5782516fd05b5cb999876fc3b074626c8acb0a1bedc94d35e94c868454a67073f737fc37fa79b843f665d9621cf7e8b3dd13ed55e8f83b7bd1df7bf5d9412d8d8ea6bfb3b747378bd59ce8b4271d7fbf7ad028ee37198946073739fd196ebfd394109796ebf1f475e145dad7e3c94d8be3ab4c56b1abac2675b735d1aa37581dd6ef4b7d01b7c5e20ef87c7969164b5a9e88f3fbbbf7f3bb75f3b51e96d07b394569605ee6544aefb5d8fba1bf8b183a6bdf23dfcaf70a67105e97e8b27d4f8f4ef7518b7ea8d3971a6d6e678adb6ee00e43525686bb3722705c4a5666464e6a5c5c6a4e4666564a1c2f16170a151f4ab7d56ed6eb2d36eb416f661f97c5e2ea9399999b6636a7e5a2cfe7a84dca55fa553d67d59d33da3e1ab3fadc406d56dd412d2d66f5b981c7cc6ab43fc6e33c294e6593c19e9a98e8b21952cdc9be54bc43e2f8e12dc7f80a73d4cd725af9f3521d1e70accf6e67cc8e9f8967e966eb26e1be6f63a9b8f3f461056c082b63a3d96476229bcf16e2a7e735ec543e417b832c9dd2dc32a3a564edfae1eb735bdbfab7796b1bb21a4c63265827b06085aec25e58945cd4b2bead6142455151c58486b6f52dc68cea39ae8c712b564f5a3d6addc6aa8d03172f1dbc347dd6bc5ef312a7cd4c99a90c1d611861ee979f90bf7ae3d2793347e4e78f98396fe9c6d5c69ca605bd7358c17305cf39524b0bc870f77c6ee08f7f705123f1efa9214e63c93fd6bf600e7315a4ffbd5dd496d9dfbbb868d0c03e514e8a726a9465bef1b8f4f17c7cbe31e5d874f671edcbe7a9af141615155e223efe3268c0a00159ffd3de77c03575b50fdf9b843d155144908ba8808670134050ea881020ca320cc51d9200912c93b06cb5800bf7288aa32ab8ad13a9d5d685a275b65a57ad56716f9c75afff39e7de8480d8d7bebf5fbfbeeffb258f24673ce7d9e779cee5862b6cbd0be581d7fa202e37882182ef6fdde10063ac11f7ed063298c76b8f738383b9f80138f96e307c7f0eb14b618b3917bc91a0f7eed7a0206e2de8e065a0910aa97d0edef09dbcc090b731a03587248319048df4ce0a346ec165bf0593c11cd078ff1e9bce38c6acb5b8c5b0b4ae8697ad863e168e0d87b15819d01a7e8dca87b4851f984fc836c6f82d9c5676ccb67eb0d556d74c67a1333df4d6f19ceba0b7bfc7429ac2343def1a375d33267d99c2f471f9e0b8eb12e462b84c61d65a39b7767569e368751bb7716ae9e4dcd2d106ff1dc7ad9cddc0a893555b97a856446b67cb43cc9356cd5d5b37ef63eb626fc3b86a014e1de0dc61c1e8f57607135c7a3259962cd0ae318e9f717705249abd7dcc7068eeee646961dfcca1c1939ceca125daa0b7b4341258e9fd0f563318a4d55370056f5d0952506010c9657abb7a473172df4eb67a9a01d6ecfecf00bce8bf027ef97b8091f617e0c63f0dcc39fffbc0f2fa0f84f97f026fcc6086ff0db0886b00abfe83e0a519ccf0bf0d5651ff36c49bc10c66308319cc60864f829366308319cc60063398c10cff6370d90c66308319cc60063398c10c66308319cc60063398c10c66308319cc60063398e17f001e9bc10cffff02fa5bb400463b8cfe3fed19ce688489fe6ecf11f5609b8139b236d16d26d69eb58b6eb34c702c3037d615ba6d69326e85e5b25ed16d6bac93c518ba6d831156c574db96516ec4b7c352ad96d26d7bac93d50bbaede068696d90d311eb0370e8bfa7c3ad5bfad16d1cb36a45d26d0666e55648b799989bdb44bacd32c1b1c0ecdd96d06d4b93712b2cdc6d2dddb6c65c5b06d26d1bccd9ed06ddb6c5138df8765867b76774db1e736ded4db71dac98adbbd06d47ac03c0616238cb0608d7dc4243b7293b536dcace549bb233d56699e05076a6da9626e3949da9366567aa4dd9996a5376a6da949da9366567aaede0e84674a5db949dd76004c6c3488c8b8581561c7a42971653633af09381e9c158047ab219f57c3331189183960ae380193ea6004060223096896581391deac9c0a70c60e7827729c074c062402b1d8cc8b03c809100a8c9008d64ac00b5082c16502e0074731047056865224908f0a346cf06d31a79104699492c08b43a1a7ba1181bf117030a1a804b00be62c007d29060d9346e1fd0cb02a3703607c8a733ea938c9e50a643127c4c9e0c640702eb0dfae960068e8a91151aea48d151d39a12884b0e9895207d0dd6cd036bb5682407604991d508309e85c6e2302190095a478ed6a9905dc3d17a19c290614ac0135a598ade095a22032e81c675c8a772208bc17bf57ac0793d90420e56ea801522903672a489dca88718fc28c10a4a424a1f31e241d0be96038a90aa18e0415a05a097075a7ae407f8ecbb74d0562099b4c816505ff86cbd4cda5214553dd289e2a9421a4990a42ac44587fc24445ec9002362f46c372dd291409f942fe44827ca163a14153a40554cc72bf498861e377051023a0a641f0d2da50a8c2811578aa60e59aa5e02c8518374313cfb8fb22d25bb02450d8c842c3a72a154f03977f0f9817ad453215f1be29ab219c585f2a38ad64b8d6c9b8e30eb2536d5085a2d1fada3b4ce067d0edabba6def445d494884201b2430ebd4b4ded6d883e151dc9507fca2f5a140d861895215fc3c8d518b5a164cca47174a0378aa6ae075a501eca357a498c6204ee006503bd0c994702241123fe129a3f0765974ce42b38f361beeaf681d6a974e41822bf0ba0c20399e3e391ae473ca5281221976ca30fea77e6877932938e6b8d111b462ee57115c097a1d8f97f936f6dcd19f7bf26e3c6024924981fda65fef43c8145a3a85023c9f40060beea8605029022dbc295ca0fa28743c75c206817a018ca4451047d530046e1134e291b1ba852341548062841069296ca7314ada6625487e25c8374a7ac605807bd9a86785099a600599ab28cdee86d03b6212f48e8dc0d77391bd900e269e8a830cdd31a6457159d1f282a32ba2fa673b20c651439d290922e1dc961f072638fe9e91554fc683f18c930eac0fea44c40550529b2a99eae3ed4fea4f8b28d7c1a6b4065d13cfa49a9591fb1591eada91ced3405da53d4ceffd0f6700d5559fc00be7f83086e9a3a25c3bf6b5bd3fd41557782aecf7ae43949833ad95883faaad858ae709318809a50ba50a70543aed41a4f1e52547b55288f883faa29157be2065145e50335fd4e6945b573d07ea1f29314d531399d5b283a105381b2ffc76394cae22ada33f5d40d3b446e72aac842f94e4edb19667507942f65b40e861386c1ca0da39a8d3c23466d2966385f35ce738d77825fa3bc2043793a0f9d28e4c8fbd0ab6230062d9409300c738134cd618d72a73fbd7bebb345fd69c020cd5fa94e9f580d088f4634620d34084f6334c32711537e32440d753a51d055a43ebaffacc219a2f2e3550e7a2ed1b87374266711cadf5414c8685e54c656d17e67239db574f5319c2ba8735126ed67431c5371a5a1cf3b1407353a778b919e86481163f555be713efb1b7c61b49018e90eed26a773bd94deab12faacad42b29ad64c393a8deb506cd2327edcb7a09dd4b0ce036ffb9bd8486a728560ba1f3e991e567f5563c06e3abbb11b653783ed1baf56a0ab027923bd0d72d59fc1ea774d7d2532f8908d19aecee05598a12f3389100dbafe52a078cb32a9b094d4e94816195da9728cbe34cd25940f03698febd02e51186530eceb86b1f4e95635adf09496a695a6614cd75b220fd951f96ffad1500d72d0d525651999890452f40e79d6db6504c09098d40efd9fe4632af34b9106868ad7ad4116a74e63b9a8ddd4a95b856a84a1ca985e9f19ea445339a5e12a1dca1594afd269bd9baeb9e28f78546bd45e87a25485a853bbe8c32bdf7f37020cf52d0613a0d9042c0af4fa836a294223423046802c2a0233a9a017094623c1882fc048a2e77d91a7faa33a1403f052508da36888c07b3ce8a7a11c178511a80f7b7d017e3ca005d70ab001888700504b429822443b0e8cc6824f018d075744809114d087ed689405297ef16015750d21a46b2225693218278c1a36944a88381a248b033d11a01f43cff2016d21a207e587fca3503bde2867142d291fd908528634238044b1a8074753c06722c04b42fcf948674ada78a4431498a77411200920670ead2b8507ed934acf401f41f96201d46bc547368841d2d4db2f027c2602c921fd68309b8c2a4402581989344d42d613d03683dac6a25ebd5694a7229036d0aad00691a01d077ea28db613a1774a169109b586b6eb8fe6ebb128fdf8f47b04b25c02ea51de8840bd64e42b38cba67d29427a34e6da1f45a20061f191c649c6088942d14b496f884e8a47828924143fe85b53590c514dfcc91ea1a818e653684f7f681768753eb209942bc9c8f96394c1de5c43f0486e1811279768d53a75869e88506b356aad582f57ab38045fa12044f2cc2cbd8e10c974326dae4cca718891a56b6579448246a64a2ed0c8885871813a474f28d499720921516b0ab47005012993414447f811ca26446285268b8811ab246a493618eda3ce52113139521de4939c25d7110a533a196a2dd15b9eae904bc40a82e60870d48029a153e7682532028a9b27d6ca881c9554a625f45932224e984cc4ca2532954e164ee8643242a64c9749a53229a1a04609a94c27d1ca35503dc4432ad38be50a1d2742ac90a76be590879850aa0141c047acd2012a5a7906912156ca1505449e5c9f45e872d2f50a19a15503be725526100aa0ea654ab052250506d0aa645a1d8710ea890c99589fa395e908ad0c6821d7031e121d9bd029c5c0ae12b106b4e112658e422fd70092aa1ca54c0b3075323d22a023345a35f0069416505728d4794416302e21576ac4123d2157117a686b201958027454015eea0c225d9e8908538cf4b27c3d582ccf9671085a4d5f1da114ab0a08490e70292537349f0a18592b06ba68e53a6851995849e468201b4031138ce8e4a300ba5e0d14ca852a8909e00025c50b068f244bac0582c9b41c912c334721d61ae3aa9b817537180f21a9c044d0055d38bca006a6d76bc5529952accd867a20971a233313585c0387256aa0be4a2ed3716273247e629d3ff02211ad55abf5597abd46d72d3050aa96e8384ac34a0e5810a82fd0a833b5624d5641a0381dc4194405988a1c895897a156018303ac7a66ba1c8d4621078103e738449a3a0758ac80c80121a487c10a87a12124c0b57a199b90ca751a10c09443355a399895001419f8140337cab44ab95e0fc8a51720ad0ce1084c05e246ad3534322007f687ba833890e648f46c188eb9602d1bae313000fec9cb924bb24c24cb034ce52a892207c47ebdf46a1588143fb93fb52d4cd001853f9396da4520d681df757aad5c4205a481018a4303ad7064013f39e002f6044c255ab873a4ea3c95422d9636b49e983215882ca00e701f6ce4e835200b4865504d88932553681a5a14e42510bb143a74881ced932c79ba5c0ff39343321039430d770b149936359b4817eb80ac6a953153189ce047c7824cc5c99367cb3532a95ccc516b3303612f10600ea3738a3f702f0a0bb4072099a6936053c9eb048d110b314e42338f50039da069c05e5280c486ccdd304d42533648940e0e89d0393ab47980dec00432b00a0436b08c944d646841d2835b046cc44ca033b431b015f028584ea8d341b25341a38851a236c4d9a76b010512eb746a895c0ce303ec3390b2547a31954fe50a60193f48b181b644129da94ffa2389a4281b527e68120fe559386c126e6c3adca0f48669851cc429c51bd2d252950a70409b086ac886b95c9e013f65c8209a1ca0902e0b6d58403a3d076e5e1d1ca4a30468180814d7c9608a566be45446fda8a8d486072ca94d435b1a099197a556fe898e701be46855401819222055831c8a64192193e80d01561fc720f8a572b4f1ba51210ed258aecca4e0aad47ab865a8642ea7b7311529f4942e0bd6837459839d2b3651540bd9ebf42098e4c045c6caf3670680fb2d464024254425f7e78b04843089481425a40a230591842f3f09f47dd9447f61724c424a32013044fcf8e43422218ae0c7a7117d85f1916c4230205124484a22124484302e3156280063c2f888d89448617c34d11bac8b4f00755d087622209a9c4040863429a12009128b138822624097df5b182b4c4e631351c2e47848330a10e513897c51b2302225962f2212534489094902c03e12908d17c647890017419c203e1994dc78304608524187488ae1c7c62256fc1420bd08c917919098261246c724133109b1910230d85b0024e3f78e1550ac805211b17c611c9b88e4c7f1a305685502a0224268b474fd63046808f0e3837f11c9c28478a84644427cb20874d9404b51b271697f6192804df045c2246890285102200fcd0956242022605dbc80a2024d4d34f0084081fd942441bd2c91027e2ca09504179b22731cccb705ccb705fe826dcdb705febedb02b6e8c77c6be0bff3d600e53df3ed01f3ed01f3ed01f3ed81c6d9dc7c8ba0e12d028375ccb709ccb709ccb709fee36e1380bd49fdad0186bd77c326604dbd18f437f231dc0f7cb2d137fbffec15c92cb3b7c7010e9efca9f80e0e08bff053f19d9c10feba4fc5777646f8673f15bf593388cf607d2abe8b0bc0079f18fc0b0516c2876b2d804b30dc1d73c0a762eecc3e580780c103e3dd1ae1f630c17505b83e009703303e83d41be1169be0b602b81d012e0f60f0c1789f46b8474d705b035c7f801b023004603cbe212ec0a8c76d0370d900b72bc0e803c6931ae12a4d703d016e20c0ed0e3012c0781a8c176b6bdcdab6a6660578cd9f6f6d815b5b595be7978057be2513b7645d2a842f6b1cb766a1562156c864e2d616e5e5e5d636b8b5dd9ec23d854b0194022801606381db000a06122cdcd26253355c6783e33634098a860da461638bdbd857835745af8a5eb3114c05606b89db5ab3582cfdd471e3c64dd55bb1702b9a4ca12dceb0b530d22964b1705bcb99e0656b87db3a540faf1e0ea896cf22661193018c03606789c3ffc6b149627638c3ce408ca66687a8d939e0764ed56ed56ee57ee57e336366c64075c65b8fb72eb6b6b7c2ed6d18e0d52daa18bca2ba59b3706b4b9a60a13dceb0b72c6c48d2de0a92b477c4ed9d2f795cf278f8d971f659c559c5c1d8a347f74d3d30b5c6bec6dec11a77b065825778660d7c658623439ebd544dbd1c180c07cb6ae30babaeb6b0c41dac8fc2178a6c43dcc37dcf902a5499749ba3a3daa9b0cdd78ad3d9045fab54b1898802ad824d44cbd4d9e85d0bdeb532d086bf656613b162bdeaaf612319702407f8f15c023e5b5022799691c59e5f59da749a1033e1b9036ec5282ff61c07860a1938ceb5236d2c2d3a3b3219ee161829b6b4ed6c89b3f0e25006ce2a4f22fb916c93118fa56d0b3dc046839080ce436a748502cfcf3d2090de26c4582d963147af3d9dfc6dea6bafdd73c337ae92f44b6d3fbabcd82d852c66d590c5ccb5e54c06ce60b80401117fcc2fec82e7b8cbb548e01f4907a3b4b805902b0f89c94c6159ba305292b82e6433d8b176b1ed2fd665c955997ab58aeb4c3ac2412b172b914caa54aba4dcb6a4071cb175716df2d62ed79bf482f34c17b7faf964b9521690a4172b354462049f6cdbca81db85ec4a86724343c2428206826e9849972caafa5b247320ede0bc9d0b2b2e2151c4f5253b50ddb6aa08b906def2894c121082a4f86e5121bcb080a0d0d0d080307e68176e07d287d2c8a3498d92a81b676431deced4c2b805c62cc69d30306ecb2806d979bd9d4f9bd5874bfc5a74b95a9335c4729c5f0e7f62f3d55faf09660caf581ff59dadc3ba15271da204b7362ef678a21bfa5efde6bb7901739eb5f12979d6afeae6c2fea96fe38e2c0df9febaf848660b46abc817935ca3cb036c67601b8f4cacee233d14b6ebf2d4ce776a26047dd7b9da7dd34bdf0596a426ac7687cbbec2637d86cf1b79f5728d7aebcc6ed1579cedd66a4b068f691fe178e69b55dec125e7d6e5cdbc7ed9e98baf5a4df099d6fae481913fae78b62991bd64e0d1819bf003a5c5fbf0d7ae0cd93dd5ae5658c0448b5993874e0b9d6ab36457c62595f2f4a5f23ee72f962e1e35fab79619d578a7c004df5703afbf78e479d791f52c5bd0b6c5e86ae9dcf3c7bf7f1ff5f388dd3a2f0613eca365c5b80db08805e9094ceae9c86ac96a716af733dea612aed38dd6a58f7aece6be1ac470b24131e4e9c372235b16b6f0097ef19b284a635bd7eb75eeebaace9b6a42aa9cc86488e0c58a23fb92c2f2e872c18408fa5e9b44ab68748356932d87a381f4ad4e5da0d18dd08bc889202a3900851c60690d36a68585158eb362c93e648ca14f32267c4633c8cbcb6b8a814cfb2794f5a40b94b703cb9eb43590645a37da904c1825f30661bf3f581633e55a62d7ccd2f6d5ea19bb7ad5765dc98e9bc45e9dd683673be2e89bc1ad58f3c88413efed978ebfd8612fab9bf5f3f86b78d54555842cfe52778e40e39f7322419ed032bfeae7cf7b3c68bd2eae72430e4fd4dea26ce6d99873b7225fcf14b74c1bfa5365e794394b4483f75493be56f7cfc4fa1654d53cef13e2d03a6e1977ffef27dddb4df3b509ee15faf3e2188fc9399323169df54ffe7675a8a2c5e283f98aadadbf9998bf2c54ba0b9f7def42af2f8735734e2eb51878eecb2abfbecd1707174f09f41b1eeafc28d3fd54b1ee7c2def756dd0b2abbd42bc77840ee265a98f9ced7c0b174b669595dcb8f3701363e3cbe783dfd416d5048ff9b6df85365ef744f75e91c596384863b74dd2d8bedb935e8c2a4abcfd1ea5b17da656b303696cccdf922cfcc88ed4a6f7329d97ca88247926bad1091c0bbfe1c245d92c940ce372792480602a9bd57749fddf221f3dcffcc8fcbfcc462593b7b5afb19ab1a0b0c0f54dc7e16fb425ec577f2c2b2b991bb575d991619302bb0571daceca7ff5c51aaf627ccba823ee3b9887a3eeee9ffffc35cbf3f178dbf7ed54158f33bbeff775bbeee7f59455ca97dcbbfa83ebd43a97052117c334c9eaf07beb0536a470cfae19e47cfb23b9879eebe6b4ccfb65caf6d203d6e389bab6ab431e8ddc7b498ff59d7ce2f75977cfe4bf9bf66afdf092ee3bbff7da905eb67bffb8ca991bce6cec7c32f975c8b99f46cebed1f6fdbd91d947beb4ced55f72ee1773ea11763026769955c8f53487b75f7c7df0c6c0abe39f9e59e0e4357de5b571adf69c39bcc4133ff0366695cbeca032ef18de8bbded97629b77251d1eabf21f54f4204c55f864fb3d17bbbb866c54082cf205956e3ac07463acccb1d6b871a7324dd2d59133e9e38e0def7ae77de6dec1270e6e5fbbb5c6651e2982d3cd5820172d8f26058d2b4d30c9835d0b97cebc2092e4f23a4bc2c8e0f410993820b86b7a7040302f282c202ca80b2f401a16c2cd10f37821c119920629304625bd9e6871b2f89b56a1a1edb628571fce61ccf9780a6c3243a9353a940541b8803806510c0218c6ef30f816408606906128058a4d52600a094e2b262950f02f1918b2e09fb0d093f6507070c1f29ec520b146db9959ccc031cb965ee7fbef4d3ce893b0b45ffeaf752fdefeb4f374f5a3976d52eb920ecaa32d4eef3b72efca9bf983e60c6b16e6576d2170b9b4a0a06447c6daf3dbef32527cb676f7c9e72b37bc78840d2c9d3fd9e3a8cd9ce30b3c22c9352b5a1ef8217ad0d3cec15396cc18105a13efb1b1dd61e79fce163baf0979b8a1ddc119ed57164da9f5f5b896e139a907e77d7f66dc1ed5d872dedd6fab021353875856ba4e3de829d9aab3bf7a665447a74e7305ab78637bccedd15f98e733e95da5f381c9d7ad5dfbedef3c903ba8eb88b9ab979764cff5533fdab7e1ce4e41aba3e9f1455b92dda3a7cf5ba1ac56f9fef8c2d7eb601db1c6aef2d1cf760b4aaf8c58241f5bd1e55725f16efce9f735dbcabad8bcebde62cfbc166baa271c7d50bc676d4afb08b72d31e3f3271c7f796251cfd6bfb5987473da92acf62559e16b0e14c677bc69ed1d2b79fbf557ae71415b528727fcdae7fbb0e9ef39172a872d8fc83e947fac727bf68cb18a89da6feeac78bde482fb99ae6fa487943dacaf7f31b672fd8e653f7c7e6c6eeaf251038e348f4e3fe1fde0cd67fbb876cf037b485784aa8727f6dc1a3933a1dc6ecaae31039e1dc89c283ebf78debe83538fa8a32f57734aeb2a9f6d2295f7460857df9e9b7b70a7f5be77e14f37e8422d37a71e6b7d6afbd3d2c3133d1e178ec013be6b53a4ab3a39a85dcf6e03dc6a4bee67ee13ae0afcbdc394ee438fdf0b8e9ce5b963967d6e718f07fbce0654b018d3635e3eb8c038c65c0a8a801528020fa822602b6e99158c72bf47e323ec30944e6d6d66779cf4d563b6146fdd9209a291db9a6cd560d0c618ac200c3b5379b37d7dde14a9d5207982d09567c82562bd8ce0e7e8b3d45ab9be00267732940c2683b8bc9020b22b48ee3c2eea0691b0fbcf9da1ff557e5f52a1a8ac3d1f33bbd317d99cd697775eb9ba7f7e3f9fc4f53f5f708b6fef74ff9755bfc4aed79344b3bb56a793e7b80a4bdbf49ebd61de60b2e3392cfbd6e73bef4db2727aeec89af770d251af2341ed272e7afc47a607fbcde7374b3cefdc8c5f56b1c727e9f0b457826336c7876e3cbea9376be9cb958aaf327ff5fb3d2a69d384e3d7fda238beeb2624a488ecaf31d9af47cc9c49aa263e492317bd1a73a6acea9677d99817275c9e586f4d528abe15cc5c1283f589ce68e6eb9fb1baecda49cba23e4b5f8e5bd52cba854df192717529f9eff0059e89d6e3316732aa6eeb459fa8edfb0292976c6c9bcfe7e61d5d581b3ef6ab0a31638ba743e59be70b37e33fb7eb9bfcfea545cd5ec2ce90dfd7028bac229d8c19c78264820f937cdee4e912a66f4f27160bc4df04d2d9d286ae09ae381cc1c8a279546e2e9a49164d2b6ce1b8ae7878af54dfb2eb1d5cde74ba6c9b3427eddaf20ac972f1df1e9ec5ce05eb5b56f4295fb13e5637e00f2b178e8c4ca48a82900475a83ca29c3fa1e7a79f8b8dd3f01b8f3095a382906c521062c82832d2a42084fd953331d42382a2fa89e761606be7b2c9358399915d2edcfe767ddef99f0bfac5e1951cfdc8414a7b97b53feffa7cc636cea9e64ba72ad3b7f5671c89275c12e75f18d5eb4affed1b072cf0b8ec894f58b73dfff194e3f7c2f1fb5776cdb0b538382de6cac324d70b096b675fbb396dc4e9c23d374a1f5b068e67de9ed5a97d3bcdeb676faee5cfe7383cb7baa2d9e116bf687ab6ad76ceb68aae5f6706ecefe778277d70cf96f3a6103daf58b9f35e1ee5f6c9e576efacb53b7847d3fdfd785b97dabdb6e2e90f7fddd6ea6efc942ff787741eba6cf7dd1da3ed7a7f7e2a49eb7d9f3cbc3d5f367810decab685e389732de63dfdecfb8c01550181375f8e9f70b45feaad459a52c5baaeb1a79e15ecfec66d54baff83a50bfd832df3dcd30f756fabf42a7e687780bdfd5844d5f597f7466fb9ba7cb53e645bfcfe913ecd3be6da7d269a3a726054448b1d55559be2320f2ee9fdbeb0c0bb70b12b9971ab77f3a1ee0717b7f33e1e71bbf3eded7fc41c659f3acb2b8cedd829a6fdb08177521facbc387fd1e16eea9d45be7acb66f773bd772f2cdee39bfc5de588ee932a72c5dfaa2a5c56eefe26fa6173f5dbc93cc5e677b5fd0e4ef53994b17391e7c4e65246f7808d6933b65df3bebe65d361c9b7f9c916a7f89cc475a59b56e4afad2a9f9be3fedbec892e39ed0279abad55e583a676d85dfe60dc61ef3377db261c5a705f78e9392e534fb21b7d507ef086eaceaab29fb9feef1df70f1a7c36ae4dc5d957818b7b72525a661f7259f6962cb61a45165ba41b4a81e3cc13a814301b5f061495fc2da9984792d486f4ff940d597f45c00565238c478674a58a4617d4e592b0fb8f5fb114333eac1d0c583b18a076803db7f6e12badb30767fd59d537c5ce71c13f3cfe6e80f792de6d3a65df1e98f8cd36cb307796f0872f6becdb5e08cdfeb1f959bb87617be75b6e3ad8f534de82dbfbe4248702e9c431a5c3db2b362e167e7d3b6be889da85499b6dd9351b7f5bd379c3289b8dbfce4d3b3cdcdde27646ee2d9ea863f3c09b6bad138f55456e1d72761f8799b336ebc911e5936e832b5afe11f5c3a530e93a9534247f65b9c429e064afaf5e5cbd68e5707a70c10aa1ff4d875de52e79bb4abb3f787db5f34067afb854bfa5a3b4979a77db2a1c7ab6ae2e62d6d8df3edffcf98436bff5a89c3ae4d6a48471ee8f2b02d3aecd0c0fd8103460ffd61eef7827ab98dd2b376f9c1d36e6c4a242f6d3f8d459de211d6abaaaa45f26fdf0b5d3fad63ee38efcf10373c2b4e7c31e1e17ed9e5a3a7147b5b7bec33037bfef8efafa857598d7b54f97635f54cedee0e1b36a4dc63db1d788cb7ec245c34aae741872d2bb6f0fd1be2dfd7bb6673efc65d4a0c0d33e5735439cfa45e555bdc02eef58c7281e76bedab56a679b53297d6f76ad70baed23dce1b62df20bc1b53d35da5197b437dbd7ee8e9abfffc15e8ffee7c74ebb17272457ad9d5e7b6fd0928d6f2e6ccab8b2a7ace8f3ba33757d6f0afd57b9f8ad5c353ab3f0c6e4f4fc619b03c7fddaffebc1bbf3fcfc1ed5296bfc66b067f40a4dd873797ce4a47d36b1fb4fad8808d4cf79ae7a914f0c60bb0c193e67418f84a071e73695b4bab838fe8fb99b7644952be69db874a664aab176d681da79bb89f2575f3c9bbc2e696d5cd082c1b26f6b8b25a11bbd1118bf615dfda0289b5ef16803ba31b83323be6f61117ff9ceaa03dc5f7c26059303a9e2067f859a501e57de7782f02ffdd207ec5bb06bc166355e940c238386f178a8cc0d3529732232918c372973bd3fadccfd097d3d59b4040a4fb08acac8a252b26896d1481c26593496ec6960c7c05b06fdabcb2cf857084033b952ac2d9068749c2cbd92ec6524c02083dbf2084f2c16830f3e81f7d487a17bead477300a404f477f3b4466fc8e0c87f06cea422cf3f18415f32e2517b8734e9ed567b65b6837b7d965c9ecf9bde78e3e51603f738f6c1887dde3458df617e5d877bb7adeb23d1cbe3b7acdb227f2f392dded4256940d918d9b397a4a5462ca59fbd95f9c70efebf1e4b3de5344c737bdcdbedac38ae3bff046f7362b4e6df1cc2bed7ae5b6f45064f7fc513e4f5c46af9ca91f3bed8f231d19519df64e76debe7c8d85fdc2baac57599c39e59d7a76ca1e209478d9c85503e7cdbd36f68fea194fa23a5f7c137e7c67c80355870dd737fad61dbff0c471e37cbfb279718edded1e5b4f3ae355c373bbf2707fc0cf83167f2bec6afba3edde1fd76fb8bef9b7f3ae25fd0403c278237dddbfacfcc3f7c5457637423e6f73daa42c957ad5567d4d2f0bcb957827bf1ec53d5de232ecaaabe29e5e9ef1a587da75b46055eef55e9d64cb6a8688d227d4784aba944da83df7e4c5e396150b7c2fffb4a2ecf8fd2112fed541565f4fec619967f98b65658e578b5d62f19687bfffd886b5ab967fc0d1effe4559e0bdb2671583e79ec5ce5444ed4c7b52b6c2a66f8cf3fc42afe398fffeca852b7a0af2da86fc7862e9d225a346b57b1533c76bedeb689fc2a78b5feccededab7eccadd9c7cf77b7742e717b8f57d7fa6ca272be7c6c6576fa6dcb52bbc230fdff886ac63c54eafadcd514a6675ff65516a7cc2eec2feed2af29bf1bc473de0db56f67cbdfae8f2217b2a4a16f61f991a1f23a8ee7d6861ee20dbc298ecb7054bf6ec542a471c12e95c1c4625fec42d666d228b59eb18384e16cdf9a70b57d3bf0eacbf39525eb40f261f3a886d985c7bd33b2f408afa9e1dd791349d75257dea17b2b820b5bd2d8d5c35fdf1a33345cd6bfd772a678efbeeaefb45526ab2c49e9b4a2697772af46bf2abbbc91f3e4da5a26361fb8feeec64e35f11118d6a33ab18c792a2a7af1cfbdd62f5405fcbf3dca1a2c0ed55fdac7a721d3d476dc88b4e1ebc3b34d829d4f9645246fb14cb73a259aeb7e62d6829d70e626fa8bac6f177eee01865fb5a3e7176b4e2c7d9d2bee7f74e66d5663de04ef8f5e2b787d7cfaa9bb6b2df97eafc35386bc7db1d5bbf3f78bbeeedfe89d8b99bdb1749979d083fa03830ecf5edd73fb81e2f0b53d475b67cfc207a62b3fce39eeffb87ff746540dbd45b074aac9bef5da998fff5f5d7d5feb2179f7dc65c17f36d3bfe28ef553b6eb4383a33e2f5a0367509b96efc6fdeae89719a1c9eb26dc4de1d2b791724cebbba0c986ec1e9e93173c8d269376fb94fba553aefa782673dee7a64173b8ec00fef48ed98b5dcc1abb663f2d9beec41de932b8a197ee078d2bede4796dc62862b186a864273fa3f7621def49d3693981c42ba9986a45dfd1d431c3037ce58709dd02f8ebb7043785cf81af8414446dc1e17be38d1efc0dd8e535d55a7aab33c177e57d0e89209c60a37dee54bc6a4fe4c8fb43e65fabbb663fbf807b9fb1f18f2e4dcd5c7f7bf585bbad0e7162fb3f95dfb2be74e4f8bef30a2e3b2da058543e7079ce83254d662cd6f57378e69a9bcc36f755c7fe1bdfa814d45efc58ffb8cfcb29368e062affb8caa006169a4f7a9fb2fedacc477530ac658178c29d3b80c2b970df2b3f0ca38b0f960c6a253f7c517f9b9d15bdf5e3c77fd6df1bbeb92b4633f5cdd5ce620df7762e49c474f7323bfbfb4afe097773f2fdf66b7846b91743d76dbf6efbd5286543c19777bf6c5693b36d915dd7559d4a3cb88ecaf8f0ee1ff727bf9e9f3cbaa6e9d3b6f3fda65c0d9deec53aaedbffa878fbbdbdba17aac55bfcbdd9eac4d8bdd3c39177fb071afffe39c1593b95d7f9f1689fd1f91e0da6e0d0a656e6473747265616d0d0a656e646f626a0d0a32302030206f626a0d0a3c3c2f547970652f4d657461646174612f537562747970652f584d4c2f4c656e67746820333037313e3e0d0a73747265616d0d0a3c3f787061636b657420626567696e3d22efbbbf222069643d2257354d304d7043656869487a7265537a4e54637a6b633964223f3e3c783a786d706d65746120786d6c6e733a783d2261646f62653a6e733a6d6574612f2220783a786d70746b3d22332e312d373031223e0a3c7264663a52444620786d6c6e733a7264663d22687474703a2f2f7777772e77332e6f72672f313939392f30322f32322d7264662d73796e7461782d6e7323223e0a3c7264663a4465736372697074696f6e207264663a61626f75743d22222020786d6c6e733a7064663d22687474703a2f2f6e732e61646f62652e636f6d2f7064662f312e332f223e0a3c7064663a50726f64756365723e4d6963726f736f6674c2ae20576f726420323031393c2f7064663a50726f64756365723e3c2f7264663a4465736372697074696f6e3e0a3c7264663a4465736372697074696f6e207264663a61626f75743d22222020786d6c6e733a64633d22687474703a2f2f7075726c2e6f72672f64632f656c656d656e74732f312e312f223e0a3c64633a63726561746f723e3c7264663a5365713e3c7264663a6c693e4a4f524745204252494345c3914f205349455252413c2f7264663a6c693e3c2f7264663a5365713e3c2f64633a63726561746f723e3c2f7264663a4465736372697074696f6e3e0a3c7264663a4465736372697074696f6e207264663a61626f75743d22222020786d6c6e733a786d703d22687474703a2f2f6e732e61646f62652e636f6d2f7861702f312e302f223e0a3c786d703a43726561746f72546f6f6c3e4d6963726f736f6674c2ae20576f726420323031393c2f786d703a43726561746f72546f6f6c3e3c786d703a437265617465446174653e323032332d30352d32395431313a34313a30342d30353a30303c2f786d703a437265617465446174653e3c786d703a4d6f64696679446174653e323032332d30352d32395431313a34313a30342d30353a30303c2f786d703a4d6f64696679446174653e3c2f7264663a4465736372697074696f6e3e0a3c7264663a4465736372697074696f6e207264663a61626f75743d22222020786d6c6e733a786d704d4d3d22687474703a2f2f6e732e61646f62652e636f6d2f7861702f312e302f6d6d2f223e0a3c786d704d4d3a446f63756d656e7449443e757569643a44413831424330302d444130382d344543382d413939392d3743313137374236343530463c2f786d704d4d3a446f63756d656e7449443e3c786d704d4d3a496e7374616e636549443e757569643a44413831424330302d444130382d344543382d413939392d3743313137374236343530463c2f786d704d4d3a496e7374616e636549443e3c2f7264663a4465736372697074696f6e3e0a202020202020202020202020202020202020202020202020202020202020202020202020202020202020202020202020202020202020202020202020202020202020202020202020202020202020202020202020202020202020202020202020202020200a202020202020202020202020202020202020202020202020202020202020202020202020202020202020202020202020202020202020202020202020202020202020202020202020202020202020202020202020202020202020202020202020202020200a202020202020202020202020202020202020202020202020202020202020202020202020202020202020202020202020202020202020202020202020202020202020202020202020202020202020202020202020202020202020202020202020202020200a202020202020202020202020202020202020202020202020202020202020202020202020202020202020202020202020202020202020202020202020202020202020202020202020202020202020202020202020202020202020202020202020202020200a202020202020202020202020202020202020202020202020202020202020202020202020202020202020202020202020202020202020202020202020202020202020202020202020202020202020202020202020202020202020202020202020202020200a202020202020202020202020202020202020202020202020202020202020202020202020202020202020202020202020202020202020202020202020202020202020202020202020202020202020202020202020202020202020202020202020202020200a202020202020202020202020202020202020202020202020202020202020202020202020202020202020202020202020202020202020202020202020202020202020202020202020202020202020202020202020202020202020202020202020202020200a202020202020202020202020202020202020202020202020202020202020202020202020202020202020202020202020202020202020202020202020202020202020202020202020202020202020202020202020202020202020202020202020202020200a202020202020202020202020202020202020202020202020202020202020202020202020202020202020202020202020202020202020202020202020202020202020202020202020202020202020202020202020202020202020202020202020202020200a202020202020202020202020202020202020202020202020202020202020202020202020202020202020202020202020202020202020202020202020202020202020202020202020202020202020202020202020202020202020202020202020202020200a202020202020202020202020202020202020202020202020202020202020202020202020202020202020202020202020202020202020202020202020202020202020202020202020202020202020202020202020202020202020202020202020202020200a202020202020202020202020202020202020202020202020202020202020202020202020202020202020202020202020202020202020202020202020202020202020202020202020202020202020202020202020202020202020202020202020202020200a202020202020202020202020202020202020202020202020202020202020202020202020202020202020202020202020202020202020202020202020202020202020202020202020202020202020202020202020202020202020202020202020202020200a202020202020202020202020202020202020202020202020202020202020202020202020202020202020202020202020202020202020202020202020202020202020202020202020202020202020202020202020202020202020202020202020202020200a202020202020202020202020202020202020202020202020202020202020202020202020202020202020202020202020202020202020202020202020202020202020202020202020202020202020202020202020202020202020202020202020202020200a202020202020202020202020202020202020202020202020202020202020202020202020202020202020202020202020202020202020202020202020202020202020202020202020202020202020202020202020202020202020202020202020202020200a202020202020202020202020202020202020202020202020202020202020202020202020202020202020202020202020202020202020202020202020202020202020202020202020202020202020202020202020202020202020202020202020202020200a202020202020202020202020202020202020202020202020202020202020202020202020202020202020202020202020202020202020202020202020202020202020202020202020202020202020202020202020202020202020202020202020202020200a202020202020202020202020202020202020202020202020202020202020202020202020202020202020202020202020202020202020202020202020202020202020202020202020202020202020202020202020202020202020202020202020202020200a202020202020202020202020202020202020202020202020202020202020202020202020202020202020202020202020202020202020202020202020202020202020202020202020202020202020202020202020202020202020202020202020202020200a3c2f7264663a5244463e3c2f783a786d706d6574613e3c3f787061636b657420656e643d2277223f3e0d0a656e6473747265616d0d0a656e646f626a0d0a32312030206f626a0d0a3c3c2f446973706c6179446f635469746c6520747275653e3e0d0a656e646f626a0d0a32322030206f626a0d0a3c3c2f547970652f585265662f53697a652032322f575b2031203420325d202f526f6f742031203020522f496e666f2039203020522f49445b3c30304243383144413038444143383445413939393743313137374236343530463e3c30304243383144413038444143383445413939393743313137374236343530463e5d202f46696c7465722f466c6174654465636f64652f4c656e6774682038353e3e0d0a73747265616d0d0a789c63600082ffff1981a4200303885a06a1ee8129c667608a690b98628e06532c5e10aa1e4201e598c0da9920143384628150ac108a11424155b201f5b16e066b67b7875051602ab8084cc51f61600000c65d0b070d0a656e6473747265616d0d0a656e646f626a0d0a787265660d0a302032330d0a3030303030303030313020363535333520660d0a30303030303030303137203030303030206e0d0a30303030303030313636203030303030206e0d0a30303030303030323232203030303030206e0d0a30303030303030343836203030303030206e0d0a30303030303030363932203030303030206e0d0a30303030303030383539203030303030206e0d0a30303030303031303938203030303030206e0d0a30303030303031313531203030303030206e0d0a30303030303031323034203030303030206e0d0a3030303030303030313120363535333520660d0a3030303030303030313220363535333520660d0a3030303030303030313320363535333520660d0a3030303030303030313420363535333520660d0a3030303030303030313520363535333520660d0a3030303030303030313620363535333520660d0a3030303030303030313720363535333520660d0a3030303030303030303020363535333520660d0a30303030303031383535203030303030206e0d0a30303030303031383832203030303030206e0d0a30303030303231333632203030303030206e0d0a30303030303234353136203030303030206e0d0a30303030303234353631203030303030206e0d0a747261696c65720d0a3c3c2f53697a652032332f526f6f742031203020522f496e666f2039203020522f49445b3c30304243383144413038444143383445413939393743313137374236343530463e3c30304243383144413038444143383445413939393743313137374236343530463e5d203e3e0d0a7374617274787265660d0a32343834350d0a2525454f460d0a787265660d0a3020300d0a747261696c65720d0a3c3c2f53697a652032332f526f6f742031203020522f496e666f2039203020522f49445b3c30304243383144413038444143383445413939393743313137374236343530463e3c30304243383144413038444143383445413939393743313137374236343530463e5d202f507265762032343834352f5852656653746d2032343536313e3e0d0a7374617274787265660d0a32353436310d0a2525454f46, NULL, 'PENDIENTE', 'ENE-JUN 2023', 34, 5, NULL);
	
INSERT INTO `evareportes` (`ERFID`, `SRID`, `ERFecha`, `ERPuntualidad`, `ERCumpleObjetivos`, `ERLiderazgo`, `ERConocimiento`, `ERComportamiento`, `ERTrabajoEquipo`, `ERDedicacion`, `EROrdenado`, `ERDaMejoras`, `ERCalificacion`, `ERObservaciones`, `ERNoParcial`, `UAsesor`, `Tipo`) VALUES
	(1, 1, '2023-06-12', 10, NULL, NULL, 20, NULL, 15, 20, 20, 10, 95, '', 1, 699, b'0'),
	(2, 1, '2023-06-12', 10, NULL, NULL, 20, NULL, 15, 20, 20, 12, 97, '', 2, 699, b'0'),
	(3, 1, '2023-06-12', 5, 15, 10, 20, 8, 10, 5, 15, 10, 65, ' ', 1, 37, b'1'),
	(4, 1, '2023-06-12', 5, 15, 10, 20, 8, 10, 5, 15, 10, 65, ' ', 2, 37, b'1');

INSERT INTO `observacionessolicitudes` (`id`, `Observvaciones`, `idSolicitud`, `UProfesor`) VALUES
	(1, 'Observaciones: Aceptado para iniciar tu residencia', 1, 699);
